Field1,clstr_id,samp_id,meas_yr,tsa_no,mgmt_unit,sampletype,project_de,bgc_zone,species_cl,no_plots,utm_source,utm_zone,utm_eastin,utm_northi,baha_L,baha_V,stemsha_L,stemsha_D,wsvha_L,wsvha_D,nmvha_L,nmvha_D,bh_stand_a,elev
1,0403-0001-DO1,0403_0001_VRI,2008,40,TSA40_FortSt.John,VRI,RANDOM,BWBS,Spruce,5,DGPS,10,659494,6229688,12,0,920.734974,0,68.91962916,0,52.08775506,0,45.33333333,466
2,0403-0001-DO1,0403_0001_VRI,2008,40,TSA40_FortSt.John,VRI,RANDOM,BWBS,Spruce,5,DGPS,10,659494,6229688,11,0,431.215725,0,66.60279669,0,52.08775506,0,45.33333333,466
3,0403-0001-DO1,0403_0001_VRI,2008,40,TSA40_FortSt.John,VRI,RANDOM,BWBS,Spruce,5,DGPS,10,659494,6229688,10,0,254.9887954,0,63.58913086,0,52.08775506,0,45.33333333,466
4,0403-0001-DO1,0403_0001_VRI,2008,40,TSA40_FortSt.John,VRI,RANDOM,BWBS,Spruce,5,DGPS,10,659494,6229688,8,0,147.0708208,0,50.785792,0,43.09228458,0,45.33333333,466
5,0403-0002-DO1,0403_0002_VRI,2008,40,TSA40_FortSt.John,VRI,RANDOM,BWBS,Poplar,5,DGPS,10,658272,6229135,27,0,1133.789174,40.46026445,221.4402047,13.28398758,148.5762765,2.532564024,67.1031833,490
6,0403-0002-DO1,0403_0002_VRI,2008,40,TSA40_FortSt.John,VRI,RANDOM,BWBS,Poplar,5,DGPS,10,658272,6229135,27,0,1133.789174,40.46026445,221.4402047,13.28398758,148.5762765,2.532564024,67.1031833,490
7,0403-0002-DO1,0403_0002_VRI,2008,40,TSA40_FortSt.John,VRI,RANDOM,BWBS,Poplar,5,DGPS,10,658272,6229135,23.4,0,761.4063236,40.46026445,193.4195268,13.28398758,146.0991263,2.532564024,67.1031833,490
8,0403-0002-DO1,0403_0002_VRI,2008,40,TSA40_FortSt.John,VRI,RANDOM,BWBS,Poplar,5,DGPS,10,658272,6229135,18,0,404.4213115,40.46026445,153.7568948,13.28398758,125.875806,2.532564024,67.1031833,490
9,0403-0003-DO1,0403_0003_VRI,2008,40,TSA40_FortSt.John,VRI,RANDOM,BWBS,Other,5,DGPS,10,682151,6236756,4,0,906.0177933,0,16.56680753,0,8.44123846,0,29.66666667,696
10,0403-0003-DO1,0403_0003_VRI,2008,40,TSA40_FortSt.John,VRI,RANDOM,BWBS,Other,5,DGPS,10,682151,6236756,2,0,69.78567438,0,10.93930987,0,8.44123846,0,29.66666667,696
11,0403-0003-DO1,0403_0003_VRI,2008,40,TSA40_FortSt.John,VRI,RANDOM,BWBS,Other,5,DGPS,10,682151,6236756,2,0,69.78567438,0,10.93930987,0,8.44123846,0,29.66666667,696
12,0403-0003-DO1,0403_0003_VRI,2008,40,TSA40_FortSt.John,VRI,RANDOM,BWBS,Other,5,DGPS,10,682151,6236756,1,0,20.04975382,0,6.95354263,0,5.931444716,0,29.66666667,696
13,0403-0005-DO1,0403_0005_VRI,2008,40,TSA40_FortSt.John,VRI,RANDOM,BWBS,Poplar,5,VGPS,10,595835,6257622,50.4,0,2619.902682,150.0324378,364.7527415,3.431902455,277.519149,0,59.5,841
14,0403-0005-DO1,0403_0005_VRI,2008,40,TSA40_FortSt.John,VRI,RANDOM,BWBS,Poplar,5,VGPS,10,595835,6257622,49,0,1699.17159,150.0324378,359.8103111,3.431902455,277.519149,0,59.5,841
15,0403-0005-DO1,0403_0005_VRI,2008,40,TSA40_FortSt.John,VRI,RANDOM,BWBS,Poplar,5,VGPS,10,595835,6257622,44.8,0,1318.976487,0,337.7753828,0,273.1622455,0,59.5,841
16,0403-0005-DO1,0403_0005_VRI,2008,40,TSA40_FortSt.John,VRI,RANDOM,BWBS,Poplar,5,VGPS,10,595835,6257622,39.2,0,954.1281947,0,304.8598021,0,255.1962467,0,59.5,841
17,0403-0008-DO1,0403_0008_VRI,2008,40,TSA40_FortSt.John,VRI,RANDOM,BWBS,Poplar,5,DGPS,10,594432,6271798,37.8,0,3588.373007,252.6202544,224.8324138,13.24976644,133.7318288,1.167700528,54,875
18,0403-0008-DO1,0403_0008_VRI,2008,40,TSA40_FortSt.John,VRI,RANDOM,BWBS,Poplar,5,DGPS,10,594432,6271798,35,0,2217.71911,252.6202544,220.5907846,13.24976644,133.7318288,1.167700528,54,875
19,0403-0008-DO1,0403_0008_VRI,2008,40,TSA40_FortSt.John,VRI,RANDOM,BWBS,Poplar,5,DGPS,10,594432,6271798,30.8,0,1694.892855,32.55415649,200.7254161,7.678474433,131.6965556,1.167700528,54,875
20,0403-0008-DO1,0403_0008_VRI,2008,40,TSA40_FortSt.John,VRI,RANDOM,BWBS,Poplar,5,DGPS,10,594432,6271798,7,0,189.0239047,32.55415649,52.12827011,7.678474433,43.01770034,1.167700528,54,875
21,0403-0009-DO1,0403_0009_VRI,2008,40,TSA40_FortSt.John,VRI,RANDOM,BWBS,Spruce,5,DGPS,10,604955,6283788,54,0,3367.834941,0,345.9302402,0,217.19265,0,55.66666667,704
22,0403-0009-DO1,0403_0009_VRI,2008,40,TSA40_FortSt.John,VRI,RANDOM,BWBS,Spruce,5,DGPS,10,604955,6283788,54,0,3367.834941,0,345.9302402,0,217.19265,0,55.66666667,704
23,0403-0009-DO1,0403_0009_VRI,2008,40,TSA40_FortSt.John,VRI,RANDOM,BWBS,Spruce,5,DGPS,10,604955,6283788,43.2,0,2041.555686,0,291.4970368,0,208.9362331,0,55.66666667,704
24,0403-0009-DO1,0403_0009_VRI,2008,40,TSA40_FortSt.John,VRI,RANDOM,BWBS,Spruce,5,DGPS,10,604955,6283788,18,0,468.1931626,0,137.1393489,0,113.6506613,0,55.66666667,704
25,0403-0010-DO1,0403_0010_VRI,2008,40,TSA40_FortSt.John,VRI,RANDOM,BWBS,Poplar,5,DGPS,10,641389,6275839,20,0,928.7829318,292.2955846,165.5575622,3.358947087,114.6713009,0,56.63710179,673
26,0403-0010-DO1,0403_0010_VRI,2008,40,TSA40_FortSt.John,VRI,RANDOM,BWBS,Poplar,5,DGPS,10,641389,6275839,20,0,928.7829318,0,165.5575622,0,114.6713009,0,56.63710179,673
27,0403-0010-DO1,0403_0010_VRI,2008,40,TSA40_FortSt.John,VRI,RANDOM,BWBS,Poplar,5,DGPS,10,641389,6275839,18,0,608.2965367,0,150.7797131,0,114.3892636,0,56.63710179,673
28,0403-0010-DO1,0403_0010_VRI,2008,40,TSA40_FortSt.John,VRI,RANDOM,BWBS,Poplar,5,DGPS,10,641389,6275839,12,0,269.2895522,0,102.3525615,0,81.74745369,0,56.63710179,673
29,0403-0011-DO1,0403_0011_VRI,2008,40,TSA40_FortSt.John,VRI,RANDOM,BWBS,Spruce,5,DGPS,10,669979,6283375,26.25,0,1642.269503,0,188.0481176,0,124.2588362,0,52.5,753
30,0403-0011-DO1,0403_0011_VRI,2008,40,TSA40_FortSt.John,VRI,RANDOM,BWBS,Spruce,5,DGPS,10,669979,6283375,26.25,0,1642.269503,0,188.0481176,0,124.2588362,0,52.5,753
31,0403-0011-DO1,0403_0011_VRI,2008,40,TSA40_FortSt.John,VRI,RANDOM,BWBS,Spruce,5,DGPS,10,669979,6283375,16.25,0,372.361391,0,138.0497327,0,117.9039936,0,52.5,753
32,0403-0011-DO1,0403_0011_VRI,2008,40,TSA40_FortSt.John,VRI,RANDOM,BWBS,Spruce,5,DGPS,10,669979,6283375,12.5,0,181.9551273,0,114.5346131,0,101.1768141,0,52.5,753
33,0403-0013-DO1,0403_0013_VRI,2008,40,TSA40_FortSt.John,VRI,RANDOM,BWBS,Poplar,5,DGPS,10,636588,6299873,40,0,6371.649608,0,237.1474048,0,76.69356867,0,46.88864912,687
34,0403-0013-DO1,0403_0013_VRI,2008,40,TSA40_FortSt.John,VRI,RANDOM,BWBS,Poplar,5,DGPS,10,636588,6299873,35,0,3966.474526,0,216.0699863,0,76.69356867,0,46.88864912,687
35,0403-0013-DO1,0403_0013_VRI,2008,40,TSA40_FortSt.John,VRI,RANDOM,BWBS,Poplar,5,DGPS,10,636588,6299873,15,0,747.4713868,0,107.2792665,0,74.88764355,0,46.88864912,687
36,0403-0013-DO1,0403_0013_VRI,2008,40,TSA40_FortSt.John,VRI,RANDOM,BWBS,Poplar,5,DGPS,10,636588,6299873,5,0,95.26171337,0,40.1680157,0,35.55992854,0,46.88864912,687
37,0403-0014-DO1,0403_0014_VRI,2008,40,TSA40_FortSt.John,VRI,RANDOM,BWBS,Poplar,5,DGPS,10,577142,6312988,16.2,0,3628.914949,522.6066328,85.90583805,15.15436704,19.28456052,0.219179864,31,817
38,0403-0014-DO1,0403_0014_VRI,2008,40,TSA40_FortSt.John,VRI,RANDOM,BWBS,Poplar,5,DGPS,10,577142,6312988,10.8,0,1264.985319,522.6066328,64.86812843,15.15436704,19.28456052,0.219179864,31,817
39,0403-0014-DO1,0403_0014_VRI,2008,40,TSA40_FortSt.John,VRI,RANDOM,BWBS,Poplar,5,DGPS,10,577142,6312988,3.6,0,236.2763239,0,23.95134444,0,16.42558618,0,31,817
40,0403-0014-DO1,0403_0014_VRI,2008,40,TSA40_FortSt.John,VRI,RANDOM,BWBS,Poplar,5,DGPS,10,577142,6312988,0,0,0,0,0,0,0,0,31,817
41,0403-0018-DO1,0403_0018_VRI,2008,40,TSA40_FortSt.John,VRI,RANDOM,BWBS,Poplar,5,DGPS,10,608878,6341600,46.2,0,3069.318184,559.9329891,350.0106938,38.14405112,251.7122089,24.89005147,114.715676,768
42,0403-0018-DO1,0403_0018_VRI,2008,40,TSA40_FortSt.John,VRI,RANDOM,BWBS,Poplar,5,DGPS,10,608878,6341600,43.4,0,1992.407277,150.7191707,341.5946902,32.82748462,251.7122089,24.89005147,114.715676,768
43,0403-0018-DO1,0403_0018_VRI,2008,40,TSA40_FortSt.John,VRI,RANDOM,BWBS,Poplar,5,DGPS,10,608878,6341600,36.4,0,838.7735804,150.7191707,311.659191,32.82748462,251.7122089,24.89005147,114.715676,768
44,0403-0018-DO1,0403_0018_VRI,2008,40,TSA40_FortSt.John,VRI,RANDOM,BWBS,Poplar,5,DGPS,10,608878,6341600,32.2,0,556.1113735,57.11827836,290.6165805,22.53327888,239.3804783,18.17570478,114.715676,768
45,0403-0019-DO1,0403_0019_VRI,2008,40,TSA40_FortSt.John,VRI,RANDOM,BWBS,Poplar,5,DGPS,10,675173,6361080,23.75,0,3554.354299,1237.560873,139.2731147,34.45265514,50.08898104,5.301486855,48,807
46,0403-0019-DO1,0403_0019_VRI,2008,40,TSA40_FortSt.John,VRI,RANDOM,BWBS,Poplar,5,DGPS,10,675173,6361080,21.25,0,2253.022674,421.278096,130.5171839,24.64721781,50.08898104,5.301486855,48,807
47,0403-0019-DO1,0403_0019_VRI,2008,40,TSA40_FortSt.John,VRI,RANDOM,BWBS,Poplar,5,DGPS,10,675173,6361080,8.75,0,443.946009,0,65.0429224,0,46.6064091,0,48,807
48,0403-0019-DO1,0403_0019_VRI,2008,40,TSA40_FortSt.John,VRI,RANDOM,BWBS,Poplar,5,DGPS,10,675173,6361080,2.5,0,78.14068482,0,20.64606335,0,17.36073859,0,48,807
49,0403-0022-DO1,0403_0022_VRI,2008,40,TSA40_FortSt.John,VRI,RANDOM,BWBS,Poplar,5,DGPS,10,627307,6462332,32.4,0,485.5980676,19.48024394,361.1330976,11.44875826,305.8147273,1.741275974,91.5,434
50,0403-0022-DO1,0403_0022_VRI,2008,40,TSA40_FortSt.John,VRI,RANDOM,BWBS,Poplar,5,DGPS,10,627307,6462332,32.4,0,485.5980676,19.48024394,361.1330976,11.44875826,305.8147273,1.741275974,91.5,434
51,0403-0022-DO1,0403_0022_VRI,2008,40,TSA40_FortSt.John,VRI,RANDOM,BWBS,Poplar,5,DGPS,10,627307,6462332,32.4,0,485.5980676,19.48024394,361.1330976,11.44875826,305.8147273,1.741275974,91.5,434
52,0403-0022-DO1,0403_0022_VRI,2008,40,TSA40_FortSt.John,VRI,RANDOM,BWBS,Poplar,5,DGPS,10,627307,6462332,30.6,0,379.5389617,19.48024394,349.1777702,11.44875826,297.908225,1.741275974,91.5,434
53,0403-0024-DO1,0403_0024_VRI,2008,40,TSA40_FortSt.John,VRI,RANDOM,BWBS,Poplar,3,DGPS,10,578592,6269161,37.10666667,0,4472.848381,302.2541002,197.317619,25.89347649,78.5355427,2.57832213,44.19901316,711
54,0403-0024-DO1,0403_0024_VRI,2008,40,TSA40_FortSt.John,VRI,RANDOM,BWBS,Poplar,3,DGPS,10,578592,6269161,30.36,0,2427.750067,302.2541002,172.4041413,25.89347649,78.5355427,2.57832213,44.19901316,711
55,0403-0024-DO1,0403_0024_VRI,2008,40,TSA40_FortSt.John,VRI,RANDOM,BWBS,Poplar,3,DGPS,10,578592,6269161,18.55333333,0,1019.756408,24.93866437,108.0159948,19.56012075,71.53073415,2.57832213,44.19901316,711
56,0403-0024-DO1,0403_0024_VRI,2008,40,TSA40_FortSt.John,VRI,RANDOM,BWBS,Poplar,3,DGPS,10,578592,6269161,5.06,0,147.6947768,24.93866437,29.63680321,19.56012075,24.25699725,2.57832213,44.19901316,711
57,0403-0025-DO1,0403_0025_VRI,2008,40,TSA40_FortSt.John,VRI,RANDOM,BWBS,Poplar,5,DGPS,10,585956,6289574,46.2,0,1250.337275,0,353.2734914,0,284.9419558,0,74.68262472,809
58,0403-0025-DO1,0403_0025_VRI,2008,40,TSA40_FortSt.John,VRI,RANDOM,BWBS,Poplar,5,DGPS,10,585956,6289574,46.2,0,1250.337275,0,353.2734914,0,284.9419558,0,74.68262472,809
59,0403-0025-DO1,0403_0025_VRI,2008,40,TSA40_FortSt.John,VRI,RANDOM,BWBS,Poplar,5,DGPS,10,585956,6289574,44.8,0,1122.318358,0,346.5276825,0,282.5046486,0,74.68262472,809
60,0403-0025-DO1,0403_0025_VRI,2008,40,TSA40_FortSt.John,VRI,RANDOM,BWBS,Poplar,5,DGPS,10,585956,6289574,37.8,0,740.4814135,0,306.973059,0,255.5572788,0,74.68262472,809
61,0403-0026-DO1,0403_0026_VRI,2008,40,TSA40_FortSt.John,VRI,RANDOM,BWBS,Poplar,5,DGPS,10,661674,6305857,8.096,0,142.5807958,0,50.9434544,0,44.17303567,0,46.5,727
62,0403-0026-DO1,0403_0026_VRI,2008,40,TSA40_FortSt.John,VRI,RANDOM,BWBS,Poplar,5,DGPS,10,661674,6305857,8.096,0,142.5807958,0,50.9434544,0,44.17303567,0,46.5,727
63,0403-0026-DO1,0403_0026_VRI,2008,40,TSA40_FortSt.John,VRI,RANDOM,BWBS,Poplar,5,DGPS,10,661674,6305857,8.096,0,142.5807958,0,50.9434544,0,44.17303567,0,46.5,727
64,0403-0026-DO1,0403_0026_VRI,2008,40,TSA40_FortSt.John,VRI,RANDOM,BWBS,Poplar,5,DGPS,10,661674,6305857,8.096,0,142.5807958,0,50.9434544,0,44.17303567,0,46.5,727
65,0403-0027-DO1,0403_0027_VRI,2008,40,TSA40_FortSt.John,VRI,RANDOM,BWBS,Poplar,5,DGPS,10,532821,6271798,49,0,6430.363347,739.1039057,266.2856619,13.41476407,98.95049229,0,52.83576898,801
66,0403-0027-DO1,0403_0027_VRI,2008,40,TSA40_FortSt.John,VRI,RANDOM,BWBS,Poplar,5,DGPS,10,532821,6271798,43.4,0,4158.38328,0,245.3162587,0,98.95049229,0,52.83576898,801
67,0403-0027-DO1,0403_0027_VRI,2008,40,TSA40_FortSt.John,VRI,RANDOM,BWBS,Poplar,5,DGPS,10,532821,6271798,19.6,0,984.1889064,0,123.1486487,0,84.38579929,0,52.83576898,801
68,0403-0027-DO1,0403_0027_VRI,2008,40,TSA40_FortSt.John,VRI,RANDOM,BWBS,Poplar,5,DGPS,10,532821,6271798,7,0,221.8190114,0,47.59798285,0,38.72073911,0,52.83576898,801
69,0403-0029-DO1,0403_0029_VRI,2008,40,TSA40_FortSt.John,VRI,RANDOM,BWBS,Poplar,5,DGPS,10,541732,6295169,32.4,0,1222.546732,1271.406932,289.1396773,24.18679685,238.4240628,14.51678721,99.34566284,876
70,0403-0029-DO1,0403_0029_VRI,2008,40,TSA40_FortSt.John,VRI,RANDOM,BWBS,Poplar,5,DGPS,10,541732,6295169,30.6,0,541.2651565,87.6098148,283.8941457,19.88781586,238.4240628,14.51678721,99.34566284,876
71,0403-0029-DO1,0403_0029_VRI,2008,40,TSA40_FortSt.John,VRI,RANDOM,BWBS,Poplar,5,DGPS,10,541732,6295169,30.6,0,541.2651565,87.6098148,283.8941457,19.88781586,238.4240628,14.51678721,99.34566284,876
72,0403-0029-DO1,0403_0029_VRI,2008,40,TSA40_FortSt.John,VRI,RANDOM,BWBS,Poplar,5,DGPS,10,541732,6295169,28.8,0,433.7482105,87.6098148,270.1690513,19.88781586,229.271118,14.51678721,99.34566284,876
73,0403-0030-DO1,0403_0030_VRI,2008,40,TSA40_FortSt.John,VRI,RANDOM,BWBS,Poplar,5,DGPS,10,523128,6304756,9.108,0,335.2247905,24.57082133,62.88823336,6.002248983,49.39784806,1.163550345,45,997
74,0403-0030-DO1,0403_0030_VRI,2008,40,TSA40_FortSt.John,VRI,RANDOM,BWBS,Poplar,5,DGPS,10,523128,6304756,9.108,0,335.2247905,24.57082133,62.88823336,6.002248983,49.39784806,1.163550345,45,997
75,0403-0030-DO1,0403_0030_VRI,2008,40,TSA40_FortSt.John,VRI,RANDOM,BWBS,Poplar,5,DGPS,10,523128,6304756,9.108,0,335.2247905,24.57082133,62.88823336,6.002248983,49.39784806,1.163550345,45,997
76,0403-0030-DO1,0403_0030_VRI,2008,40,TSA40_FortSt.John,VRI,RANDOM,BWBS,Poplar,5,DGPS,10,523128,6304756,7.084,0,221.4946112,24.57082133,50.00332601,6.002248983,40.7421042,1.163550345,45,997
77,0403-0031-DO1,0403_0031_VRI,2008,40,TSA40_FortSt.John,VRI,RANDOM,BWBS,Poplar,5,DGPS,10,509075,6349227,30.8,0,3613.310614,0,143.2894432,0,69.23245679,0,62.83517763,947
78,0403-0031-DO1,0403_0031_VRI,2008,40,TSA40_FortSt.John,VRI,RANDOM,BWBS,Poplar,5,DGPS,10,509075,6349227,28,0,1999.426148,0,137.1680972,0,69.23245679,0,62.83517763,947
79,0403-0031-DO1,0403_0031_VRI,2008,40,TSA40_FortSt.John,VRI,RANDOM,BWBS,Poplar,5,DGPS,10,509075,6349227,18.2,0,853.4986794,0,94.55909477,0,64.98726618,0,62.83517763,947
80,0403-0031-DO1,0403_0031_VRI,2008,40,TSA40_FortSt.John,VRI,RANDOM,BWBS,Poplar,5,DGPS,10,509075,6349227,7,0,163.7678297,0,41.259854,0,34.13164153,0,62.83517763,947
81,0403-0033-DO1,0403_0033_VRI,2008,40,TSA40_FortSt.John,VRI,RANDOM,SWB,Poplar,5,DGPS,10,471556,6368450,21.6,0,841.4409369,289.4539813,130.986579,31.46076041,93.35781187,4.983847181,73.66666667,1320
82,0403-0033-DO1,0403_0033_VRI,2008,40,TSA40_FortSt.John,VRI,RANDOM,SWB,Poplar,5,DGPS,10,471556,6368450,21.6,0,841.4409369,289.4539813,130.986579,31.46076041,93.35781187,4.983847181,73.66666667,1320
83,0403-0033-DO1,0403_0033_VRI,2008,40,TSA40_FortSt.John,VRI,RANDOM,SWB,Poplar,5,DGPS,10,471556,6368450,21.6,0,841.4409369,289.4539813,130.986579,31.46076041,93.35781187,4.983847181,73.66666667,1320
84,0403-0033-DO1,0403_0033_VRI,2008,40,TSA40_FortSt.John,VRI,RANDOM,SWB,Poplar,5,DGPS,10,471556,6368450,12.6,0,339.0114701,90.6487404,83.6463088,18.7753339,65.39094632,3.137324394,73.66666667,1320
85,0403-0034-DO1,0403_0034_VRI,2008,40,TSA40_FortSt.John,VRI,RANDOM,BWBS,Spruce,5,DGPS,10,537714,6382340,1,0,12.204081,0,6.761240253,0,5.710180713,0,8,889
86,0403-0034-DO1,0403_0034_VRI,2008,40,TSA40_FortSt.John,VRI,RANDOM,BWBS,Spruce,5,DGPS,10,537714,6382340,1,0,12.204081,0,6.761240253,0,5.710180713,0,8,889
87,0403-0034-DO1,0403_0034_VRI,2008,40,TSA40_FortSt.John,VRI,RANDOM,BWBS,Spruce,5,DGPS,10,537714,6382340,1,0,12.204081,0,6.761240253,0,5.710180713,0,8,889
88,0403-0034-DO1,0403_0034_VRI,2008,40,TSA40_FortSt.John,VRI,RANDOM,BWBS,Spruce,5,DGPS,10,537714,6382340,1,0,12.204081,0,6.761240253,0,5.710180713,0,8,889
89,0403-0035-DO1,0403_0035_VRI,2008,40,TSA40_FortSt.John,VRI,RANDOM,BWBS,Other,5,VGPS,10,546175,6390595,14,0,1115.371512,0,65.44505525,0,40.01927438,0,76.66666667,870
90,0403-0035-DO1,0403_0035_VRI,2008,40,TSA40_FortSt.John,VRI,RANDOM,BWBS,Other,5,VGPS,10,546175,6390595,13,0,662.1000395,0,64.39526795,0,40.01927438,0,76.66666667,870
91,0403-0035-DO1,0403_0035_VRI,2008,40,TSA40_FortSt.John,VRI,RANDOM,BWBS,Other,5,VGPS,10,546175,6390595,12,0,579.2930958,0,58.64338145,0,37.97077087,0,76.66666667,870
92,0403-0035-DO1,0403_0035_VRI,2008,40,TSA40_FortSt.John,VRI,RANDOM,BWBS,Other,5,VGPS,10,546175,6390595,5,0,126.1413444,0,28.5106409,0,21.40970592,0,76.66666667,870
93,0403-0038-DO1,0403_0038_VRI,2008,40,TSA40_FortSt.John,VRI,RANDOM,BWBS,Poplar,5,DGPS,10,545399,6402934,74.4,0,2180.654683,266.6990879,709.8194198,20.67743086,566.7073942,2.627603017,87.8,586
94,0403-0038-DO1,0403_0038_VRI,2008,40,TSA40_FortSt.John,VRI,RANDOM,BWBS,Poplar,5,DGPS,10,545399,6402934,74.4,0,2180.654683,266.6990879,709.8194198,20.67743086,566.7073942,2.627603017,87.8,586
95,0403-0038-DO1,0403_0038_VRI,2008,40,TSA40_FortSt.John,VRI,RANDOM,BWBS,Poplar,5,DGPS,10,545399,6402934,69.6,0,1615.361297,266.6990879,685.1615482,20.67743086,561.9199363,2.627603017,87.8,586
96,0403-0038-DO1,0403_0038_VRI,2008,40,TSA40_FortSt.John,VRI,RANDOM,BWBS,Poplar,5,DGPS,10,545399,6402934,57.6,0,917.1721912,0,604.6101581,0,511.1632819,0,87.8,586
97,0403-0040-DO1,0403_0040_VRI,2008,40,TSA40_FortSt.John,VRI,RANDOM,BWBS,Spruce,5,DGPS,10,540288,6421930,39.2,0,1156.22458,33.5190595,285.6620696,45.70358364,230.4120066,18.58524631,86.40257574,947
98,0403-0040-DO1,0403_0040_VRI,2008,40,TSA40_FortSt.John,VRI,RANDOM,BWBS,Spruce,5,DGPS,10,540288,6421930,39.2,0,1156.22458,33.5190595,285.6620696,45.70358364,230.4120066,18.58524631,86.40257574,947
99,0403-0040-DO1,0403_0040_VRI,2008,40,TSA40_FortSt.John,VRI,RANDOM,BWBS,Spruce,5,DGPS,10,540288,6421930,34.3,0,550.0068531,33.5190595,268.5233677,45.70358364,228.1777976,18.58524631,86.40257574,947
100,0403-0040-DO1,0403_0040_VRI,2008,40,TSA40_FortSt.John,VRI,RANDOM,BWBS,Spruce,5,DGPS,10,540288,6421930,31.85,0,429.6628487,33.5190595,256.9923013,45.70358364,219.8651908,18.58524631,86.40257574,947
101,0403-0041-DO1,0403_0041_VRI,2008,40,TSA40_FortSt.John,VRI,RANDOM,BWBS,Pine,5,DGPS,10,574661,6384900,32.4,0,750.3434622,576.8759491,319.6108067,88.06832645,272.8524743,48.42837002,110.2,822
102,0403-0041-DO1,0403_0041_VRI,2008,40,TSA40_FortSt.John,VRI,RANDOM,BWBS,Pine,5,DGPS,10,574661,6384900,32.4,0,750.3434622,576.8759491,319.6108067,88.06832645,272.8524743,48.42837002,110.2,822
103,0403-0041-DO1,0403_0041_VRI,2008,40,TSA40_FortSt.John,VRI,RANDOM,BWBS,Pine,5,DGPS,10,574661,6384900,32.4,0,750.3434622,403.5805828,319.6108067,77.62974963,272.8524743,44.61463337,110.2,822
104,0403-0041-DO1,0403_0041_VRI,2008,40,TSA40_FortSt.John,VRI,RANDOM,BWBS,Pine,5,DGPS,10,574661,6384900,30.6,0,610.4611856,200.0666256,303.7227954,47.48037345,263.7151256,23.03047129,110.2,822
105,0403-0042-DO1,0403_0042_VRI,2008,40,TSA40_FortSt.John,VRI,RANDOM,BWBS,Poplar,5,DGPS,10,610500,6401912,50.4,0,779.5969257,175.5849498,485.1661487,43.74833508,398.2237375,21.57893418,98.76232367,749
106,0403-0042-DO1,0403_0042_VRI,2008,40,TSA40_FortSt.John,VRI,RANDOM,BWBS,Poplar,5,DGPS,10,610500,6401912,50.4,0,779.5969257,175.5849498,485.1661487,43.74833508,398.2237375,21.57893418,98.76232367,749
107,0403-0042-DO1,0403_0042_VRI,2008,40,TSA40_FortSt.John,VRI,RANDOM,BWBS,Poplar,5,DGPS,10,610500,6401912,48.6,0,575.6247631,175.5849498,478.6934406,43.74833508,397.4225264,21.57893418,98.76232367,749
108,0403-0042-DO1,0403_0042_VRI,2008,40,TSA40_FortSt.John,VRI,RANDOM,BWBS,Poplar,5,DGPS,10,610500,6401912,48.6,0,575.6247631,95.34156824,478.6934406,29.92012038,397.4225264,11.04671209,98.76232367,749
109,0403-0043-DO1,0403_0043_VRI,2008,40,TSA40_FortSt.John,VRI,RANDOM,BWBS,Poplar,5,DGPS,10,674068,6408978,16.2,0,734.4901206,41.49988628,125.6666055,2.704992753,90.25018955,0,74.5,779
110,0403-0043-DO1,0403_0043_VRI,2008,40,TSA40_FortSt.John,VRI,RANDOM,BWBS,Poplar,5,DGPS,10,674068,6408978,16.2,0,734.4901206,41.49988628,125.6666055,2.704992753,90.25018955,0,74.5,779
111,0403-0043-DO1,0403_0043_VRI,2008,40,TSA40_FortSt.John,VRI,RANDOM,BWBS,Poplar,5,DGPS,10,674068,6408978,14.4,0,376.3914925,41.49988628,118.883896,2.704992753,90.25018955,0,74.5,779
112,0403-0043-DO1,0403_0043_VRI,2008,40,TSA40_FortSt.John,VRI,RANDOM,BWBS,Poplar,5,DGPS,10,674068,6408978,10.8,0,102.7646597,41.49988628,100.0424087,2.704992753,82.1863583,0,74.5,779
113,0403-0045-DO1,0403_0045_VRI,2008,40,TSA40_FortSt.John,VRI,RANDOM,BWBS,Poplar,5,MAP,10,609813,6419050,24.5,0,320.0723958,118.9693918,283.6633157,20.38991731,239.0224268,3.100606667,73.75,1220
114,0403-0045-DO1,0403_0045_VRI,2008,40,TSA40_FortSt.John,VRI,RANDOM,BWBS,Poplar,5,MAP,10,609813,6419050,24.5,0,320.0723958,118.9693918,283.6633157,20.38991731,239.0224268,3.100606667,73.75,1220
115,0403-0045-DO1,0403_0045_VRI,2008,40,TSA40_FortSt.John,VRI,RANDOM,BWBS,Poplar,5,MAP,10,609813,6419050,24.5,0,320.0723958,118.9693918,283.6633157,20.38991731,239.0224268,3.100606667,73.75,1220
116,0403-0045-DO1,0403_0045_VRI,2008,40,TSA40_FortSt.John,VRI,RANDOM,BWBS,Poplar,5,MAP,10,609813,6419050,24.5,0,320.0723958,118.9693918,283.6633157,20.38991731,239.0224268,3.100606667,73.75,1220
117,0403-0046-DO1,0403_0046_VRI,2008,40,TSA40_FortSt.John,VRI,RANDOM,BWBS,Other,5,VGPS,10,623836,6409657,4,0,50.73955091,12.99635156,28.01868685,3.660956981,22.39613209,0,90,597
118,0403-0046-DO1,0403_0046_VRI,2008,40,TSA40_FortSt.John,VRI,RANDOM,BWBS,Other,5,VGPS,10,623836,6409657,4,0,50.73955091,12.99635156,28.01868685,3.660956981,22.39613209,0,90,597
119,0403-0046-DO1,0403_0046_VRI,2008,40,TSA40_FortSt.John,VRI,RANDOM,BWBS,Other,5,VGPS,10,623836,6409657,4,0,50.73955091,12.99635156,28.01868685,3.660956981,22.39613209,0,90,597
120,0403-0046-DO1,0403_0046_VRI,2008,40,TSA40_FortSt.John,VRI,RANDOM,BWBS,Other,5,VGPS,10,623836,6409657,4,0,50.73955091,12.99635156,28.01868685,3.660956981,22.39613209,0,90,597
121,0403-0048-DO1,0403_0048_VRI,2008,40,TSA40_FortSt.John,VRI,RANDOM,BWBS,Poplar,5,DGPS,10,638114,6423283,41.4,0,906.3120851,125.1971878,463.4292294,13.53804837,374.3381741,1.75974861,85.80794023,595
122,0403-0048-DO1,0403_0048_VRI,2008,40,TSA40_FortSt.John,VRI,RANDOM,BWBS,Poplar,5,DGPS,10,638114,6423283,41.4,0,906.3120851,125.1971878,463.4292294,13.53804837,374.3381741,1.75974861,85.80794023,595
123,0403-0048-DO1,0403_0048_VRI,2008,40,TSA40_FortSt.John,VRI,RANDOM,BWBS,Poplar,5,DGPS,10,638114,6423283,41.4,0,906.3120851,125.1971878,463.4292294,13.53804837,374.3381741,1.75974861,85.80794023,595
124,0403-0048-DO1,0403_0048_VRI,2008,40,TSA40_FortSt.John,VRI,RANDOM,BWBS,Poplar,5,DGPS,10,638114,6423283,37.8,0,689.9057347,125.1971878,440.4897574,13.53804837,360.678017,1.75974861,85.80794023,595
125,0403-0049-DO1,0403_0049_VRI,2008,40,TSA40_FortSt.John,VRI,RANDOM,BWBS,Poplar,5,DGPS,10,581840,6443929,30.6,0,407.7464431,128.5890313,322.6889215,59.20073893,270.3677984,24.15626733,106.1897246,497
126,0403-0049-DO1,0403_0049_VRI,2008,40,TSA40_FortSt.John,VRI,RANDOM,BWBS,Poplar,5,DGPS,10,581840,6443929,30.6,0,407.7464431,128.5890313,322.6889215,59.20073893,270.3677984,24.15626733,106.1897246,497
127,0403-0049-DO1,0403_0049_VRI,2008,40,TSA40_FortSt.John,VRI,RANDOM,BWBS,Poplar,5,DGPS,10,581840,6443929,30.6,0,407.7464431,128.5890313,322.6889215,59.20073893,270.3677984,24.15626733,106.1897246,497
128,0403-0049-DO1,0403_0049_VRI,2008,40,TSA40_FortSt.John,VRI,RANDOM,BWBS,Poplar,5,DGPS,10,581840,6443929,28.8,0,278.1839342,128.5890313,314.1790598,59.20073893,265.7850183,24.15626733,106.1897246,497
129,0403-0051-DO1,0403_0051_VRI,2008,40,TSA40_FortSt.John,VRI,RANDOM,ESSF,Spruce,5,DGPS,10,536216,6236096,22.4,0,3587.051359,0,74.11552204,0,26.39976806,0,29.6,1345
130,0403-0051-DO1,0403_0051_VRI,2008,40,TSA40_FortSt.John,VRI,RANDOM,ESSF,Spruce,5,DGPS,10,536216,6236096,18.2,0,1872.544184,0,63.95856724,0,26.39976806,0,29.6,1345
131,0403-0051-DO1,0403_0051_VRI,2008,40,TSA40_FortSt.John,VRI,RANDOM,ESSF,Spruce,5,DGPS,10,536216,6236096,7,0,279.0689078,0,29.1934911,0,20.76452689,0,29.6,1345
132,0403-0051-DO1,0403_0051_VRI,2008,40,TSA40_FortSt.John,VRI,RANDOM,ESSF,Spruce,5,DGPS,10,536216,6236096,5.6,0,188.1232245,0,23.9448497,0,17.81045135,0,29.6,1345
133,0403-0052-DO1,0403_0052_VRI,2008,40,TSA40_FortSt.John,VRI,RANDOM,BWBS,Poplar,5,DGPS,10,535920,6354192,6,0,97.04080364,0,32.73411031,0,28.51913118,0,43,938
134,0403-0052-DO1,0403_0052_VRI,2008,40,TSA40_FortSt.John,VRI,RANDOM,BWBS,Poplar,5,DGPS,10,535920,6354192,6,0,97.04080364,0,32.73411031,0,28.51913118,0,43,938
135,0403-0052-DO1,0403_0052_VRI,2008,40,TSA40_FortSt.John,VRI,RANDOM,BWBS,Poplar,5,DGPS,10,535920,6354192,6,0,97.04080364,0,32.73411031,0,28.51913118,0,43,938
136,0403-0052-DO1,0403_0052_VRI,2008,40,TSA40_FortSt.John,VRI,RANDOM,BWBS,Poplar,5,DGPS,10,535920,6354192,6,0,97.04080364,0,32.73411031,0,28.51913118,0,43,938
137,0403-0053-DO1,0403_0053_VRI,2008,40,TSA40_FortSt.John,VRI,RANDOM,BWBS,Spruce,5,DGPS,10,592105,6356932,13.156,0,1539.761401,347.0918445,53.6209783,18.52330865,18.73151858,6.856625252,140,825
138,0403-0053-DO1,0403_0053_VRI,2008,40,TSA40_FortSt.John,VRI,RANDOM,BWBS,Spruce,5,DGPS,10,592105,6356932,12.144,0,1297.967736,347.0918445,50.36847467,18.52330865,18.73151858,6.856625252,140,825
139,0403-0053-DO1,0403_0053_VRI,2008,40,TSA40_FortSt.John,VRI,RANDOM,BWBS,Spruce,5,DGPS,10,592105,6356932,5.06,0,255.836613,92.13677773,24.00775026,10.81436133,16.16796374,5.709858987,140,825
140,0403-0053-DO1,0403_0053_VRI,2008,40,TSA40_FortSt.John,VRI,RANDOM,BWBS,Spruce,5,DGPS,10,592105,6356932,2.024,0,73.81027641,14.70642852,9.401917331,6.0837702,6.793177699,3.818030201,140,825
141,0403-0054-DO1,0403_0054_VRI,2008,40,TSA40_FortSt.John,VRI,RANDOM,BWBS,Spruce,5,DGPS,10,588492,6269030,32.2,0,551.3828411,76.92363055,284.8084223,18.78006077,245.5155647,1.020339511,57,831
142,0403-0054-DO1,0403_0054_VRI,2008,40,TSA40_FortSt.John,VRI,RANDOM,BWBS,Spruce,5,DGPS,10,588492,6269030,32.2,0,551.3828411,76.92363055,284.8084223,18.78006077,245.5155647,1.020339511,57,831
143,0403-0054-DO1,0403_0054_VRI,2008,40,TSA40_FortSt.John,VRI,RANDOM,BWBS,Spruce,5,DGPS,10,588492,6269030,32.2,0,551.3828411,76.92363055,284.8084223,18.78006077,245.5155647,1.020339511,57,831
144,0403-0054-DO1,0403_0054_VRI,2008,40,TSA40_FortSt.John,VRI,RANDOM,BWBS,Spruce,5,DGPS,10,588492,6269030,32.2,0,551.3828411,16.67027086,284.8084223,11.96477243,245.5155647,0,57,831
145,0403-0055-DO1,0403_0055_VRI,2008,40,TSA40_FortSt.John,VRI,RANDOM,BWBS,Spruce,5,DGPS,10,662905,6284857,46.8,0,1408.716373,44.59850922,465.7362972,32.52482937,379.0262983,27.67393413,168.75,734
146,0403-0055-DO1,0403_0055_VRI,2008,40,TSA40_FortSt.John,VRI,RANDOM,BWBS,Spruce,5,DGPS,10,662905,6284857,46.8,0,1408.716373,44.59850922,465.7362972,32.52482937,379.0262983,27.67393413,168.75,734
147,0403-0055-DO1,0403_0055_VRI,2008,40,TSA40_FortSt.John,VRI,RANDOM,BWBS,Spruce,5,DGPS,10,662905,6284857,43.2,0,915.5056159,44.59850922,443.6893937,32.52482937,379.0262983,27.67393413,168.75,734
148,0403-0055-DO1,0403_0055_VRI,2008,40,TSA40_FortSt.John,VRI,RANDOM,BWBS,Spruce,5,DGPS,10,662905,6284857,36,0,578.1120624,44.59850922,384.6694398,32.52482937,335.260313,27.67393413,168.75,734
149,0403-0056-DO1,0403_0056_VRI,2009,40,TSA40_FortSt.John,VRI,RANDOM,BWBS,Spruce,5,MAP,10,520783,6236048,49,0,1100.499007,62.72872846,405.8252287,19.91784578,359.0070017,16.54801762,112,0
150,0403-0056-DO1,0403_0056_VRI,2009,40,TSA40_FortSt.John,VRI,RANDOM,BWBS,Spruce,5,MAP,10,520783,6236048,49,0,1100.499007,62.72872846,405.8252287,19.91784578,359.0070017,16.54801762,112,0
151,0403-0056-DO1,0403_0056_VRI,2009,40,TSA40_FortSt.John,VRI,RANDOM,BWBS,Spruce,5,MAP,10,520783,6236048,49,0,1100.499007,62.72872846,405.8252287,19.91784578,359.0070017,16.54801762,112,0
152,0403-0056-DO1,0403_0056_VRI,2009,40,TSA40_FortSt.John,VRI,RANDOM,BWBS,Spruce,5,MAP,10,520783,6236048,49,0,1100.499007,62.72872846,405.8252287,19.91784578,359.0070017,16.54801762,112,0
153,0403-0057-DO1,0403_0057_VRI,2008,40,TSA40_FortSt.John,VRI,RANDOM,BWBS,Spruce,5,DGPS,10,553761,6231373,27.5,0,226.7693275,0,206.5217669,0,178.938367,0,77.97696426,889
154,0403-0057-DO1,0403_0057_VRI,2008,40,TSA40_FortSt.John,VRI,RANDOM,BWBS,Spruce,5,DGPS,10,553761,6231373,27.5,0,226.7693275,0,206.5217669,0,178.938367,0,77.97696426,889
155,0403-0057-DO1,0403_0057_VRI,2008,40,TSA40_FortSt.John,VRI,RANDOM,BWBS,Spruce,5,DGPS,10,553761,6231373,27.5,0,226.7693275,0,206.5217669,0,178.938367,0,77.97696426,889
156,0403-0057-DO1,0403_0057_VRI,2008,40,TSA40_FortSt.John,VRI,RANDOM,BWBS,Spruce,5,DGPS,10,553761,6231373,27.5,0,226.7693275,0,206.5217669,0,178.938367,0,77.97696426,889
157,0403-0058-DO1,0403_0058_VRI,2009,40,TSA40_FortSt.John,VRI,RANDOM,BWBS,Spruce,5,MAP,10,552743,6259637,48.6,0,1628.453992,454.1905526,383.6761255,73.6367743,305.1860741,37.40346602,139.4,0
158,0403-0058-DO1,0403_0058_VRI,2009,40,TSA40_FortSt.John,VRI,RANDOM,BWBS,Spruce,5,MAP,10,552743,6259637,48.6,0,1628.453992,454.1905526,383.6761255,73.6367743,305.1860741,37.40346602,139.4,0
159,0403-0058-DO1,0403_0058_VRI,2009,40,TSA40_FortSt.John,VRI,RANDOM,BWBS,Spruce,5,MAP,10,552743,6259637,45,0,1204.668633,454.1905526,366.0101862,73.6367743,303.3350284,37.40346602,139.4,0
160,0403-0058-DO1,0403_0058_VRI,2009,40,TSA40_FortSt.John,VRI,RANDOM,BWBS,Spruce,5,MAP,10,552743,6259637,37.8,0,829.8821937,307.5133545,320.5576751,67.1248924,271.3117503,33.25583046,139.4,0
161,0403-0059-DO1,0403_0059_VRI,2008,40,TSA40_FortSt.John,VRI,RANDOM,ESSF,Spruce,5,DGPS,10,489591,6272645,37.8,0,682.1262504,174.015533,297.8528742,22.2800154,258.1054272,11.03710104,82.66666667,1234
162,0403-0059-DO1,0403_0059_VRI,2008,40,TSA40_FortSt.John,VRI,RANDOM,ESSF,Spruce,5,DGPS,10,489591,6272645,37.8,0,682.1262504,174.015533,297.8528742,22.2800154,258.1054272,11.03710104,82.66666667,1234
163,0403-0059-DO1,0403_0059_VRI,2008,40,TSA40_FortSt.John,VRI,RANDOM,ESSF,Spruce,5,DGPS,10,489591,6272645,37.8,0,682.1262504,24.96303434,297.8528742,11.83500512,258.1054272,10.01694353,82.66666667,1234
164,0403-0059-DO1,0403_0059_VRI,2008,40,TSA40_FortSt.John,VRI,RANDOM,ESSF,Spruce,5,DGPS,10,489591,6272645,36,0,552.5637415,24.96303434,288.3391892,11.83500512,252.1358718,10.01694353,82.66666667,1234
165,0403-0060-DO1,0403_0060_VRI,2008,40,TSA40_FortSt.John,VRI,RANDOM,ESSF,Pine,5,DGPS,10,495374,6267286,29.4,0,856.2040124,61.67942536,274.9256464,6.953938711,234.3353154,4.489174361,95.36420199,1179
166,0403-0060-DO1,0403_0060_VRI,2008,40,TSA40_FortSt.John,VRI,RANDOM,ESSF,Pine,5,DGPS,10,495374,6267286,29.4,0,856.2040124,61.67942536,274.9256464,6.953938711,234.3353154,4.489174361,95.36420199,1179
167,0403-0060-DO1,0403_0060_VRI,2008,40,TSA40_FortSt.John,VRI,RANDOM,ESSF,Pine,5,DGPS,10,495374,6267286,28,0,703.3803333,61.67942536,267.7592335,6.953938711,232.7595494,4.489174361,95.36420199,1179
168,0403-0060-DO1,0403_0060_VRI,2008,40,TSA40_FortSt.John,VRI,RANDOM,ESSF,Pine,5,DGPS,10,495374,6267286,25.2,0,513.4357019,0,244.0513062,0,217.0827208,0,95.36420199,1179
169,0403-0061-DO1,0403_0061_VRI,2008,40,TSA40_FortSt.John,VRI,RANDOM,SWB,Pine,5,DGPS,10,462234,6302961,19,0,636.4059332,36.48555195,125.5837846,13.82850815,86.64377086,11.52653503,75.25,1336
170,0403-0061-DO1,0403_0061_VRI,2008,40,TSA40_FortSt.John,VRI,RANDOM,SWB,Pine,5,DGPS,10,462234,6302961,18,0,376.5611237,36.48555195,120.8089851,13.82850815,86.64377086,11.52653503,75.25,1336
171,0403-0061-DO1,0403_0061_VRI,2008,40,TSA40_FortSt.John,VRI,RANDOM,SWB,Pine,5,DGPS,10,462234,6302961,18,0,376.5611237,36.48555195,120.8089851,13.82850815,86.64377086,11.52653503,75.25,1336
172,0403-0061-DO1,0403_0061_VRI,2008,40,TSA40_FortSt.John,VRI,RANDOM,SWB,Pine,5,DGPS,10,462234,6302961,17,0,327.4411219,36.48555195,114.3028584,13.82850815,82.47827442,11.52653503,75.25,1336
173,0403-0062-DO1,0403_0062_VRI,2008,40,TSA40_FortSt.John,VRI,RANDOM,BWBS,Spruce,5,DGPS,10,505981,6304997,36,0,572.5014878,0,323.9851105,0,275.7843878,0,172.0364448,1012
174,0403-0062-DO1,0403_0062_VRI,2008,40,TSA40_FortSt.John,VRI,RANDOM,BWBS,Spruce,5,DGPS,10,505981,6304997,36,0,572.5014878,0,323.9851105,0,275.7843878,0,172.0364448,1012
175,0403-0062-DO1,0403_0062_VRI,2008,40,TSA40_FortSt.John,VRI,RANDOM,BWBS,Spruce,5,DGPS,10,505981,6304997,36,0,572.5014878,0,323.9851105,0,275.7843878,0,172.0364448,1012
176,0403-0062-DO1,0403_0062_VRI,2008,40,TSA40_FortSt.John,VRI,RANDOM,BWBS,Spruce,5,DGPS,10,505981,6304997,33.6,0,440.23976,0,309.7484757,0,266.0769763,0,172.0364448,1012
177,0403-0063-DO1,0403_0063_VRI,2008,40,TSA40_FortSt.John,VRI,RANDOM,SWB,Spruce,5,DGPS,10,448369,6315857,33.75,0,837.8296839,0,173.1740559,0,142.1688863,0,82.8,1361
178,0403-0063-DO1,0403_0063_VRI,2008,40,TSA40_FortSt.John,VRI,RANDOM,SWB,Spruce,5,DGPS,10,448369,6315857,33.75,0,837.8296839,0,173.1740559,0,142.1688863,0,82.8,1361
179,0403-0063-DO1,0403_0063_VRI,2008,40,TSA40_FortSt.John,VRI,RANDOM,SWB,Spruce,5,DGPS,10,448369,6315857,33.75,0,837.8296839,0,173.1740559,0,142.1688863,0,82.8,1361
180,0403-0063-DO1,0403_0063_VRI,2008,40,TSA40_FortSt.John,VRI,RANDOM,SWB,Spruce,5,DGPS,10,448369,6315857,30,0,656.6246865,0,155.6519961,0,129.7398895,0,82.8,1361
181,0403-0064-DO1,0403_0064_VRI,2008,40,TSA40_FortSt.John,VRI,RANDOM,SWB,Spruce,5,DGPS,10,475925,6334914,21,0,347.4489443,54.39102766,107.3581957,4.922060887,89.71931843,3.427979268,73.52534283,1501
182,0403-0064-DO1,0403_0064_VRI,2008,40,TSA40_FortSt.John,VRI,RANDOM,SWB,Spruce,5,DGPS,10,475925,6334914,21,0,347.4489443,54.39102766,107.3581957,4.922060887,89.71931843,3.427979268,73.52534283,1501
183,0403-0064-DO1,0403_0064_VRI,2008,40,TSA40_FortSt.John,VRI,RANDOM,SWB,Spruce,5,DGPS,10,475925,6334914,21,0,347.4489443,54.39102766,107.3581957,4.922060887,89.71931843,3.427979268,73.52534283,1501
184,0403-0064-DO1,0403_0064_VRI,2008,40,TSA40_FortSt.John,VRI,RANDOM,SWB,Spruce,5,DGPS,10,475925,6334914,19,0,249.2089407,0,99.21771666,0,83.99278107,0,73.52534283,1501
185,0403-0065-DO1,0403_0065_VRI,2008,40,TSA40_FortSt.John,VRI,RANDOM,SWB,Spruce,5,DGPS,10,490882,6340515,21.6,0,356.9294443,0,130.7254345,0,105.1573431,0,71.6,1395
186,0403-0065-DO1,0403_0065_VRI,2008,40,TSA40_FortSt.John,VRI,RANDOM,SWB,Spruce,5,DGPS,10,490882,6340515,21.6,0,356.9294443,0,130.7254345,0,105.1573431,0,71.6,1395
187,0403-0065-DO1,0403_0065_VRI,2008,40,TSA40_FortSt.John,VRI,RANDOM,SWB,Spruce,5,DGPS,10,490882,6340515,21.6,0,356.9294443,0,130.7254345,0,105.1573431,0,71.6,1395
188,0403-0065-DO1,0403_0065_VRI,2008,40,TSA40_FortSt.John,VRI,RANDOM,SWB,Spruce,5,DGPS,10,490882,6340515,21.6,0,356.9294443,0,130.7254345,0,105.1573431,0,71.6,1395
189,0403-0066-DO1,0403_0066_VRI,2008,40,TSA40_FortSt.John,VRI,RANDOM,BWBS,Spruce,5,DGPS,10,519914,6399113,20.24,0,1643.079057,0,110.0039691,0,68.3464616,0,52.6,669
190,0403-0066-DO1,0403_0066_VRI,2008,40,TSA40_FortSt.John,VRI,RANDOM,BWBS,Spruce,5,DGPS,10,519914,6399113,19.228,0,1380.11611,0,106.7489302,0,68.3464616,0,52.6,669
191,0403-0066-DO1,0403_0066_VRI,2008,40,TSA40_FortSt.John,VRI,RANDOM,BWBS,Spruce,5,DGPS,10,519914,6399113,12.144,0,361.2105143,0,79.37085469,0,65.33774322,0,52.6,669
192,0403-0066-DO1,0403_0066_VRI,2008,40,TSA40_FortSt.John,VRI,RANDOM,BWBS,Spruce,5,DGPS,10,519914,6399113,10.12,0,273.079572,0,68.84775397,0,57.35834712,0,52.6,669
193,0403-0067-QO1,0403_0067_VRI,2009,40,TSA40_FortSt.John,VRI,RANDOM,BWBS,Spruce,5,DGPS,10,547788,6403616,52.8,0,646.865981,0,555.1237115,0,491.215926,0,136.6,482
194,0403-0067-QO1,0403_0067_VRI,2009,40,TSA40_FortSt.John,VRI,RANDOM,BWBS,Spruce,5,DGPS,10,547788,6403616,52.8,0,646.865981,0,555.1237115,0,491.215926,0,136.6,482
195,0403-0067-QO1,0403_0067_VRI,2009,40,TSA40_FortSt.John,VRI,RANDOM,BWBS,Spruce,5,DGPS,10,547788,6403616,52.8,0,646.865981,0,555.1237115,0,491.215926,0,136.6,482
196,0403-0067-QO1,0403_0067_VRI,2009,40,TSA40_FortSt.John,VRI,RANDOM,BWBS,Spruce,5,DGPS,10,547788,6403616,52.8,0,646.865981,0,555.1237115,0,491.215926,0,136.6,482
197,0403-0068-QO1,0403_0068_VRI,2009,40,TSA40_FortSt.John,VRI,RANDOM,BWBS,Spruce,5,DGPS,10,581668,6404115,30.6,0,884.0891497,424.0718552,289.6058385,32.44285133,238.4819425,16.38576244,133.2,545
198,0403-0068-QO1,0403_0068_VRI,2009,40,TSA40_FortSt.John,VRI,RANDOM,BWBS,Spruce,5,DGPS,10,581668,6404115,30.6,0,884.0891497,424.0718552,289.6058385,32.44285133,238.4819425,16.38576244,133.2,545
199,0403-0068-QO1,0403_0068_VRI,2009,40,TSA40_FortSt.John,VRI,RANDOM,BWBS,Spruce,5,DGPS,10,581668,6404115,28.8,0,724.9342039,83.22842572,279.0718319,26.26728944,234.2716885,16.38576244,133.2,545
200,0403-0068-QO1,0403_0068_VRI,2009,40,TSA40_FortSt.John,VRI,RANDOM,BWBS,Spruce,5,DGPS,10,581668,6404115,25.2,0,525.2234035,83.22842572,254.2559902,26.26728944,217.2403511,16.38576244,133.2,545
201,0403-0069-DO1,0403_0069_VRI,2008,40,TSA40_FortSt.John,VRI,RANDOM,BWBS,Spruce,5,DGPS,10,652188,6432406,31.25,0,642.6543498,334.2889011,263.4874066,7.556240207,220.6839481,0,66.75,575
202,0403-0069-DO1,0403_0069_VRI,2008,40,TSA40_FortSt.John,VRI,RANDOM,BWBS,Spruce,5,DGPS,10,652188,6432406,31.25,0,642.6543498,0,263.4874066,0,220.6839481,0,66.75,575
203,0403-0069-DO1,0403_0069_VRI,2008,40,TSA40_FortSt.John,VRI,RANDOM,BWBS,Spruce,5,DGPS,10,652188,6432406,30,0,503.6422563,0,254.9746661,0,219.2390347,0,66.75,575
204,0403-0069-DO1,0403_0069_VRI,2008,40,TSA40_FortSt.John,VRI,RANDOM,BWBS,Spruce,5,DGPS,10,652188,6432406,27.5,0,388.7434793,0,236.1169659,0,205.2382618,0,66.75,575
205,0403-0071-DO1,0403_0071_VRI,2008,40,TSA40_FortSt.John,VRI,RANDOM,BWBS,Poplar,5,DGPS,10,584489,6315686,10,0,2075.636444,331.2277748,41.99908089,2.935192059,3.314560993,0,47,839
206,0403-0071-DO1,0403_0071_VRI,2008,40,TSA40_FortSt.John,VRI,RANDOM,BWBS,Poplar,5,DGPS,10,584489,6315686,8,0,1174.454017,0,35.35360228,0,3.314560993,0,47,839
207,0403-0071-DO1,0403_0071_VRI,2008,40,TSA40_FortSt.John,VRI,RANDOM,BWBS,Poplar,5,DGPS,10,584489,6315686,0,0,0,0,0,0,0,0,47,839
208,0403-0071-DO1,0403_0071_VRI,2008,40,TSA40_FortSt.John,VRI,RANDOM,BWBS,Poplar,5,DGPS,10,584489,6315686,0,0,0,0,0,0,0,0,47,839
209,0403-0072-DO1,0403_0072_VRI,2009,40,TSA40_FortSt.John,VRI,RANDOM,BWBS,Pine,5,MAP,10,626116,6315447,35,0,4421.228781,0,255.382955,0,155.3541691,0,50.4,0
210,0403-0072-DO1,0403_0072_VRI,2009,40,TSA40_FortSt.John,VRI,RANDOM,BWBS,Pine,5,MAP,10,626116,6315447,28.75,0,1884.222823,0,227.5111711,0,155.3541691,0,50.4,0
211,0403-0072-DO1,0403_0072_VRI,2009,40,TSA40_FortSt.John,VRI,RANDOM,BWBS,Pine,5,MAP,10,626116,6315447,22.5,0,1082.880142,0,187.3719671,0,147.1342554,0,50.4,0
212,0403-0072-DO1,0403_0072_VRI,2009,40,TSA40_FortSt.John,VRI,RANDOM,BWBS,Pine,5,MAP,10,626116,6315447,10,0,350.2878125,0,85.43602223,0,72.75795638,0,50.4,0
213,0403-0073-QO1,0403_0073_VRI,2009,40,TSA40_FortSt.John,VRI,RANDOM,BWBS,Spruce,5,DGPS,10,503618,6357360,32.2,0,7143.325384,0,124.5624094,0,22.67970907,0,70.5,1122
214,0403-0073-QO1,0403_0073_VRI,2009,40,TSA40_FortSt.John,VRI,RANDOM,BWBS,Spruce,5,DGPS,10,503618,6357360,22.4,0,3209.678316,0,94.41689936,0,22.67970907,0,70.5,1122
215,0403-0073-QO1,0403_0073_VRI,2009,40,TSA40_FortSt.John,VRI,RANDOM,BWBS,Spruce,5,DGPS,10,503618,6357360,1.4,0,81.37944636,0,7.55611605,0,5.595520773,0,70.5,1122
216,0403-0073-QO1,0403_0073_VRI,2009,40,TSA40_FortSt.John,VRI,RANDOM,BWBS,Spruce,5,DGPS,10,503618,6357360,0,0,0,0,0,0,0,0,70.5,1122
217,0403-0074-DO1,0403_0074_VRI,2008,40,TSA40_FortSt.John,VRI,RANDOM,BWBS,Pine,5,MAP,10,634350,6335135,50,0,6074.892289,2055.415869,416.5527931,36.7822487,171.0297484,1.693084683,49.4,800
218,0403-0074-DO1,0403_0074_VRI,2008,40,TSA40_FortSt.John,VRI,RANDOM,BWBS,Pine,5,MAP,10,634350,6335135,45,0,4263.579405,760.2223327,386.86238,26.33650295,171.0297484,1.693084683,49.4,800
219,0403-0074-DO1,0403_0074_VRI,2008,40,TSA40_FortSt.John,VRI,RANDOM,BWBS,Pine,5,MAP,10,634350,6335135,21.25,0,1144.886946,0,197.0667613,0,149.8164754,0,49.4,800
220,0403-0074-DO1,0403_0074_VRI,2008,40,TSA40_FortSt.John,VRI,RANDOM,BWBS,Pine,5,MAP,10,634350,6335135,3.75,0,120.5570746,0,36.19885089,0,31.32762446,0,49.4,800
221,0403-0075-DO1,0403_0075_VRI,2009,40,TSA40_FortSt.John,VRI,RANDOM,BWBS,Pine,5,MAP,10,657986,6339961,27.5,0,2704.332586,1666.801422,171.1884644,38.64268023,74.57537951,0,48.66666667,0
222,0403-0075-DO1,0403_0075_VRI,2009,40,TSA40_FortSt.John,VRI,RANDOM,BWBS,Pine,5,MAP,10,657986,6339961,27.5,0,2704.332586,671.4031229,171.1884644,20.49892126,74.57537951,0,48.66666667,0
223,0403-0075-DO1,0403_0075_VRI,2009,40,TSA40_FortSt.John,VRI,RANDOM,BWBS,Pine,5,MAP,10,657986,6339961,10,0,655.8502391,0,66.70167807,0,45.04260556,0,48.66666667,0
224,0403-0075-DO1,0403_0075_VRI,2009,40,TSA40_FortSt.John,VRI,RANDOM,BWBS,Pine,5,MAP,10,657986,6339961,0,0,0,0,0,0,0,0,48.66666667,0
225,0403-0076-DO1,0403_0076_VRI,2008,40,TSA40_FortSt.John,VRI,RANDOM,BWBS,Pine,5,DGPS,10,673139,6333429,46.8,0,8846.616336,686.1212799,278.4132825,17.79076361,123.6440691,0,55.4,809
226,0403-0076-DO1,0403_0076_VRI,2008,40,TSA40_FortSt.John,VRI,RANDOM,BWBS,Pine,5,DGPS,10,673139,6333429,34.2,0,3073.335423,686.1212799,236.3113246,17.79076361,123.6440691,0,55.4,809
227,0403-0076-DO1,0403_0076_VRI,2008,40,TSA40_FortSt.John,VRI,RANDOM,BWBS,Pine,5,DGPS,10,673139,6333429,14.4,0,831.1347659,0,110.2207006,0,80.61824261,0,55.4,809
228,0403-0076-DO1,0403_0076_VRI,2008,40,TSA40_FortSt.John,VRI,RANDOM,BWBS,Pine,5,DGPS,10,673139,6333429,3.6,0,134.6809886,0,30.82590857,0,26.19824432,0,55.4,809
229,0403-0077-DO1,0403_0077_VRI,2008,40,TSA40_FortSt.John,VRI,RANDOM,BWBS,Pine,5,DGPS,10,673912,6335196,43.2,0,3945.034672,710.7212372,349.755043,21.02512344,204.1209297,1.659119206,52.43415876,840
230,0403-0077-DO1,0403_0077_VRI,2008,40,TSA40_FortSt.John,VRI,RANDOM,BWBS,Pine,5,DGPS,10,673912,6335196,41.4,0,3129.146021,200.1774146,344.3868022,12.61685348,204.1209297,1.659119206,52.43415876,840
231,0403-0077-DO1,0403_0077_VRI,2008,40,TSA40_FortSt.John,VRI,RANDOM,BWBS,Pine,5,DGPS,10,673912,6335196,25.2,0,1192.621934,0,224.0214361,0,172.658232,0,52.43415876,840
232,0403-0077-DO1,0403_0077_VRI,2008,40,TSA40_FortSt.John,VRI,RANDOM,BWBS,Pine,5,DGPS,10,673912,6335196,10.8,0,319.3232655,0,100.5056248,0,84.55507706,0,52.43415876,840
233,0403-0078-DO1,0403_0078_VRI,2008,40,TSA40_FortSt.John,VRI,RANDOM,BWBS,Pine,5,DGPS,10,619949,6359670,22.4,0,4019.228081,0,108.6765881,0,51.29710039,0,46,899
234,0403-0078-DO1,0403_0078_VRI,2008,40,TSA40_FortSt.John,VRI,RANDOM,BWBS,Pine,5,DGPS,10,619949,6359670,18.2,0,1662.204635,0,93.88086085,0,51.29710039,0,46,899
235,0403-0078-DO1,0403_0078_VRI,2008,40,TSA40_FortSt.John,VRI,RANDOM,BWBS,Pine,5,DGPS,10,619949,6359670,9.8,0,394.0679642,0,58.58153195,0,47.90129156,0,46,899
236,0403-0078-DO1,0403_0078_VRI,2008,40,TSA40_FortSt.John,VRI,RANDOM,BWBS,Pine,5,DGPS,10,619949,6359670,7,0,236.7004069,0,43.15116348,0,36.41190061,0,46,899
237,0403-0079-DO1,0403_0079_VRI,2008,40,TSA40_FortSt.John,VRI,RANDOM,BWBS,Pine,5,DGPS,10,637348,6361339,25.2,0,2115.571904,312.6956282,163.8676351,18.00581816,113.3057566,3.161538559,100.6857637,883
238,0403-0079-DO1,0403_0079_VRI,2008,40,TSA40_FortSt.John,VRI,RANDOM,BWBS,Pine,5,DGPS,10,637348,6361339,23.8,0,1430.244956,312.6956282,160.0529998,18.00581816,113.3057566,3.161538559,100.6857637,883
239,0403-0079-DO1,0403_0079_VRI,2008,40,TSA40_FortSt.John,VRI,RANDOM,BWBS,Pine,5,DGPS,10,637348,6361339,22.4,0,1300.02833,0,150.9921175,0,109.545315,0,100.6857637,883
240,0403-0079-DO1,0403_0079_VRI,2008,40,TSA40_FortSt.John,VRI,RANDOM,BWBS,Pine,5,DGPS,10,637348,6361339,1.4,0,57.54569322,0,10.55660721,0,8.828371409,0,100.6857637,883
241,0403-0080-DO1,0403_0080_VRI,2008,40,TSA40_FortSt.John,VRI,RANDOM,BWBS,Pine,5,DGPS,10,598391,6385199,16.8,0,683.3233169,453.3709627,136.345457,8.890160246,107.7180886,1.335491885,75.35430302,789
242,0403-0080-DO1,0403_0080_VRI,2008,40,TSA40_FortSt.John,VRI,RANDOM,BWBS,Pine,5,DGPS,10,598391,6385199,16.8,0,683.3233169,31.46909457,136.345457,2.42926341,107.7180886,1.335491885,75.35430302,789
243,0403-0080-DO1,0403_0080_VRI,2008,40,TSA40_FortSt.John,VRI,RANDOM,BWBS,Pine,5,DGPS,10,598391,6385199,15.4,0,559.5361368,31.46909457,126.8879274,2.42926341,103.3167973,1.335491885,75.35430302,789
244,0403-0080-DO1,0403_0080_VRI,2008,40,TSA40_FortSt.John,VRI,RANDOM,BWBS,Pine,5,DGPS,10,598391,6385199,9.8,0,240.8561968,31.46909457,87.51993381,2.42926341,74.89371967,1.335491885,75.35430302,789
245,0403-0081-QO1,0403_0081_VRI,2009,40,TSA40_FortSt.John,VRI,RANDOM,BWBS,Pine,5,DGPS,10,506419,6251595,45.6,0,2926.757914,661.7387508,426.1859464,50.22703102,343.0016112,21.02458232,78.4,1053
246,0403-0081-QO1,0403_0081_VRI,2009,40,TSA40_FortSt.John,VRI,RANDOM,BWBS,Pine,5,DGPS,10,506419,6251595,43.2,0,1751.911717,661.7387508,420.0425205,50.22703102,343.0016112,21.02458232,78.4,1053
247,0403-0081-QO1,0403_0081_VRI,2009,40,TSA40_FortSt.John,VRI,RANDOM,BWBS,Pine,5,DGPS,10,506419,6251595,40.8,0,1532.450717,96.44536547,400.0022182,16.57822287,334.335557,12.564256,78.4,1053
248,0403-0081-QO1,0403_0081_VRI,2009,40,TSA40_FortSt.John,VRI,RANDOM,BWBS,Pine,5,DGPS,10,506419,6251595,26.4,0,784.8965876,96.44536547,264.3018103,16.57822287,228.9404367,12.564256,78.4,1053
249,0403-0082-DO1,0403_0082_VRI,2008,40,TSA40_FortSt.John,VRI,RANDOM,ESSF,Spruce,4,DGPS,10,494342,6287672,39,0,588.541659,302.5297516,358.0271637,48.35636636,280.5692382,24.11382001,200.5,1229
250,0403-0082-DO1,0403_0082_VRI,2008,40,TSA40_FortSt.John,VRI,RANDOM,ESSF,Spruce,4,DGPS,10,494342,6287672,39,0,588.541659,302.5297516,358.0271637,48.35636636,280.5692382,24.11382001,200.5,1229
251,0403-0082-DO1,0403_0082_VRI,2008,40,TSA40_FortSt.John,VRI,RANDOM,ESSF,Spruce,4,DGPS,10,494342,6287672,39,0,588.541659,302.5297516,358.0271637,48.35636636,280.5692382,24.11382001,200.5,1229
252,0403-0082-DO1,0403_0082_VRI,2008,40,TSA40_FortSt.John,VRI,RANDOM,ESSF,Spruce,4,DGPS,10,494342,6287672,36,0,406.8665722,83.30806312,341.5968604,34.90908787,271.1325809,16.18400242,200.5,1229
253,0403-0083-QO1,0403_0083_VRI,2009,40,TSA40_FortSt.John,VRI,RANDOM,ESSF,Pine,5,DGPS,10,503846,6294673,1.8,0,815.8886506,3653.044488,3.414086901,123.8210049,0,44.09506605,11.4,1271
254,0403-0083-QO1,0403_0083_VRI,2009,40,TSA40_FortSt.John,VRI,RANDOM,ESSF,Pine,5,DGPS,10,503846,6294673,0,0,0,2837.155837,0,119.5167199,0,44.09506605,11.4,1271
255,0403-0083-QO1,0403_0083_VRI,2009,40,TSA40_FortSt.John,VRI,RANDOM,ESSF,Pine,5,DGPS,10,503846,6294673,0,0,0,1007.184848,0,87.41113111,0,42.20952654,11.4,1271
256,0403-0083-QO1,0403_0083_VRI,2009,40,TSA40_FortSt.John,VRI,RANDOM,ESSF,Pine,5,DGPS,10,503846,6294673,0,0,0,267.5432222,0,38.09651748,0,20.53835708,11.4,1271
257,0403-0084-DO1,0403_0084_VRI,2009,40,TSA40_FortSt.John,VRI,RANDOM,SWB,Pine,5,MAP,10,463307,6306923,18.216,0,462.2883175,176.073692,150.4724685,63.95063832,104.9469993,51.26935201,103,0
258,0403-0084-DO1,0403_0084_VRI,2009,40,TSA40_FortSt.John,VRI,RANDOM,SWB,Pine,5,MAP,10,463307,6306923,18.216,0,462.2883175,176.073692,150.4724685,63.95063832,104.9469993,51.26935201,103,0
259,0403-0084-DO1,0403_0084_VRI,2009,40,TSA40_FortSt.John,VRI,RANDOM,SWB,Pine,5,MAP,10,463307,6306923,17.204,0,366.5304072,176.073692,144.9997898,63.95063832,103.0408958,51.26935201,103,0
260,0403-0084-DO1,0403_0084_VRI,2009,40,TSA40_FortSt.John,VRI,RANDOM,SWB,Pine,5,MAP,10,463307,6306923,16.192,0,318.0333452,133.5146208,140.436605,57.12025689,99.81783216,46.06765914,103,0
261,0403-0085-DO1,0403_0085_VRI,2009,40,TSA40_FortSt.John,VRI,RANDOM,SWB,Pine,5,MAP,10,463415,6307118,29.348,0,678.10002,0,214.9801645,0,159.2117555,0,73,0
262,0403-0085-DO1,0403_0085_VRI,2009,40,TSA40_FortSt.John,VRI,RANDOM,SWB,Pine,5,MAP,10,463415,6307118,29.348,0,678.10002,0,214.9801645,0,159.2117555,0,73,0
263,0403-0085-DO1,0403_0085_VRI,2009,40,TSA40_FortSt.John,VRI,RANDOM,SWB,Pine,5,MAP,10,463415,6307118,29.348,0,678.10002,0,214.9801645,0,159.2117555,0,73,0
264,0403-0085-DO1,0403_0085_VRI,2009,40,TSA40_FortSt.John,VRI,RANDOM,SWB,Pine,5,MAP,10,463415,6307118,25.3,0,483.4759211,0,188.3002747,0,141.4738466,0,73,0
265,0403-0087-DO1,0403_0087_VRI,2008,40,TSA40_FortSt.John,VRI,RANDOM,BWBS,Pine,5,DGPS,10,539208,6325420,10,0,943.1237848,0,54.93327327,0,35.72146314,0,72.5,945
266,0403-0087-DO1,0403_0087_VRI,2008,40,TSA40_FortSt.John,VRI,RANDOM,BWBS,Pine,5,DGPS,10,539208,6325420,8,0,379.3833061,0,47.78134565,0,35.72146314,0,72.5,945
267,0403-0087-DO1,0403_0087_VRI,2008,40,TSA40_FortSt.John,VRI,RANDOM,BWBS,Pine,5,DGPS,10,539208,6325420,6,0,187.1929201,0,39.06499016,0,32.94598766,0,72.5,945
268,0403-0087-DO1,0403_0087_VRI,2008,40,TSA40_FortSt.John,VRI,RANDOM,BWBS,Pine,5,DGPS,10,539208,6325420,4,0,86.02663002,0,27.97698525,0,24.61323854,0,72.5,945
269,0403-0088-DO1,0403_0088_VRI,2008,40,TSA40_FortSt.John,VRI,RANDOM,SWB,Pine,5,MAP,10,467537,6335482,30.8,0,1678.022353,1616.265801,237.5833918,36.11438665,142.2523236,11.0748709,95.6,1103
270,0403-0088-DO1,0403_0088_VRI,2008,40,TSA40_FortSt.John,VRI,RANDOM,SWB,Pine,5,MAP,10,467537,6335482,30.8,0,1678.022353,213.4474282,237.5833918,19.12385674,142.2523236,11.0748709,95.6,1103
271,0403-0088-DO1,0403_0088_VRI,2008,40,TSA40_FortSt.John,VRI,RANDOM,SWB,Pine,5,MAP,10,467537,6335482,25.2,0,1082.682877,89.66024813,202.3264503,8.734100303,133.3363679,6.438309782,95.6,1103
272,0403-0088-DO1,0403_0088_VRI,2008,40,TSA40_FortSt.John,VRI,RANDOM,SWB,Pine,5,MAP,10,467537,6335482,9.8,0,340.946313,0,82.13861219,0,56.020333,0,95.6,1103
273,0403-0089-DO1,0403_0089_VRI,2008,40,TSA40_FortSt.John,VRI,RANDOM,BWBS,Spruce,5,DGPS,10,540491,6332074,21,0,2772.042531,278.5211552,117.431156,2.171155161,71.89894399,0,113.4,981
274,0403-0089-DO1,0403_0089_VRI,2008,40,TSA40_FortSt.John,VRI,RANDOM,BWBS,Spruce,5,DGPS,10,540491,6332074,15.4,0,799.9867075,278.5211552,98.29925682,2.171155161,71.89894399,0,113.4,981
275,0403-0089-DO1,0403_0089_VRI,2008,40,TSA40_FortSt.John,VRI,RANDOM,BWBS,Spruce,5,DGPS,10,540491,6332074,12.6,0,411.8995527,0,85.82050133,0,71.37419383,0,113.4,981
276,0403-0089-DO1,0403_0089_VRI,2008,40,TSA40_FortSt.John,VRI,RANDOM,BWBS,Spruce,5,DGPS,10,540491,6332074,9.8,0,267.3151234,0,68.76341368,0,59.26101772,0,113.4,981
277,0403-0090-QO1,0403_0090_VRI,2009,40,TSA40_FortSt.John,VRI,RANDOM,BWBS,Pine,5,DGPS,10,535453,6350310,46.8,0,4681.586209,1047.857021,294.894005,30.04087328,192.1667866,9.943121136,96.8,1083
278,0403-0090-QO1,0403_0090_VRI,2009,40,TSA40_FortSt.John,VRI,RANDOM,BWBS,Pine,5,DGPS,10,535453,6350310,43.2,0,2758.683384,317.0434945,284.9794085,22.2151664,192.1667866,9.943121136,96.8,1083
279,0403-0090-QO1,0403_0090_VRI,2009,40,TSA40_FortSt.John,VRI,RANDOM,BWBS,Pine,5,DGPS,10,535453,6350310,32.4,0,1522.678749,127.6359556,226.2159491,11.96072045,178.3474276,7.141164562,96.8,1083
280,0403-0090-QO1,0403_0090_VRI,2009,40,TSA40_FortSt.John,VRI,RANDOM,BWBS,Pine,5,DGPS,10,535453,6350310,12.6,0,375.4489335,0,95.2820046,0,82.66545387,0,96.8,1083
281,0403-0091-DO1,0403_0091_VRI,2008,40,TSA40_FortSt.John,VRI,RANDOM,BWBS,Spruce,5,DGPS,10,554174,6354932,23.8,0,1492.413216,694.2502055,173.2881287,96.98356103,141.8827008,68.91514984,125,940
282,0403-0091-DO1,0403_0091_VRI,2008,40,TSA40_FortSt.John,VRI,RANDOM,BWBS,Spruce,5,DGPS,10,554174,6354932,22.4,0,749.9994744,694.2502055,170.2476686,96.98356103,141.8827008,68.91514984,125,940
283,0403-0091-DO1,0403_0091_VRI,2008,40,TSA40_FortSt.John,VRI,RANDOM,BWBS,Spruce,5,DGPS,10,554174,6354932,22.4,0,749.9994744,566.231289,170.2476686,88.79094132,141.8827008,65.49077217,125,940
284,0403-0091-DO1,0403_0091_VRI,2008,40,TSA40_FortSt.John,VRI,RANDOM,BWBS,Spruce,5,DGPS,10,554174,6354932,16.8,0,462.0223072,88.64262878,133.6815722,20.82590874,114.7491927,16.39725928,125,940
285,0403-0092-QO1,0403_0092_VRI,2009,40,TSA40_FortSt.John,VRI,RANDOM,BWBS,Spruce,5,DGPS,10,514226,6397349,41.4,0,2968.632383,390.5792293,274.2015283,20.00062302,170.5497521,4.668877742,105.25,772
286,0403-0092-QO1,0403_0092_VRI,2009,40,TSA40_FortSt.John,VRI,RANDOM,BWBS,Spruce,5,DGPS,10,514226,6397349,41.4,0,2968.632383,390.5792293,274.2015283,20.00062302,170.5497521,4.668877742,105.25,772
287,0403-0092-QO1,0403_0092_VRI,2009,40,TSA40_FortSt.John,VRI,RANDOM,BWBS,Spruce,5,DGPS,10,514226,6397349,32.4,0,1452.289109,0,230.3590847,0,170.0270095,0,105.25,772
288,0403-0092-QO1,0403_0092_VRI,2009,40,TSA40_FortSt.John,VRI,RANDOM,BWBS,Spruce,5,DGPS,10,514226,6397349,14.4,0,365.0451326,0,112.3213903,0,91.27179651,0,105.25,772
289,0403-0093-DO1,0403_0093_VRI,2009,40,TSA40_FortSt.John,VRI,RANDOM,BWBS,Pine,5,MAP,10,586536,6338839,15.18,0,486.8763148,290.5248861,137.8890934,49.11625086,122.4350302,32.85143253,134.75,0
290,0403-0093-DO1,0403_0093_VRI,2009,40,TSA40_FortSt.John,VRI,RANDOM,BWBS,Pine,5,MAP,10,586536,6338839,15.18,0,486.8763148,290.5248861,137.8890934,49.11625086,122.4350302,32.85143253,134.75,0
291,0403-0093-DO1,0403_0093_VRI,2009,40,TSA40_FortSt.John,VRI,RANDOM,BWBS,Pine,5,MAP,10,586536,6338839,15.18,0,486.8763148,290.5248861,137.8890934,49.11625086,122.4350302,32.85143253,134.75,0
292,0403-0093-DO1,0403_0093_VRI,2009,40,TSA40_FortSt.John,VRI,RANDOM,BWBS,Pine,5,MAP,10,586536,6338839,13.156,0,367.6187424,131.5582336,121.8027926,29.14199371,109.9616071,18.66753685,134.75,0
293,0403-0094-DO1,0403_0094_VRI,2008,40,TSA40_FortSt.John,VRI,RANDOM,BWBS,Spruce,5,DGPS,10,564812,6350858,35,0,2380.24991,674.6213022,224.5662579,59.31400676,159.6685843,34.4910413,116.5,861
294,0403-0094-DO1,0403_0094_VRI,2008,40,TSA40_FortSt.John,VRI,RANDOM,BWBS,Spruce,5,DGPS,10,564812,6350858,33.6,0,1931.135425,674.6213022,219.2658556,59.31400676,159.6685843,34.4910413,116.5,861
295,0403-0094-DO1,0403_0094_VRI,2008,40,TSA40_FortSt.John,VRI,RANDOM,BWBS,Spruce,5,DGPS,10,564812,6350858,28,0,1088.471202,313.1827764,190.4881633,45.57691126,154.9060293,33.61955589,116.5,861
296,0403-0094-DO1,0403_0094_VRI,2008,40,TSA40_FortSt.John,VRI,RANDOM,BWBS,Spruce,5,DGPS,10,564812,6350858,15.4,0,414.9247416,135.0848514,113.0218306,30.54302004,98.24506886,24.09288354,116.5,861
297,0403-0095-DO1,0403_0095_VRI,2008,40,TSA40_FortSt.John,VRI,RANDOM,BWBS,Spruce,5,DGPS,10,579435,6362962,41.4,0,5132.728611,1193.334522,219.1388289,21.68622018,89.18650855,0,78,948
298,0403-0095-DO1,0403_0095_VRI,2008,40,TSA40_FortSt.John,VRI,RANDOM,BWBS,Spruce,5,DGPS,10,579435,6362962,36,0,3509.163579,248.6796028,198.4616753,9.666069091,89.18650855,0,78,948
299,0403-0095-DO1,0403_0095_VRI,2008,40,TSA40_FortSt.John,VRI,RANDOM,BWBS,Spruce,5,DGPS,10,579435,6362962,18,0,1113.073557,0,111.993751,0,74.65535475,0,78,948
300,0403-0095-DO1,0403_0095_VRI,2008,40,TSA40_FortSt.John,VRI,RANDOM,BWBS,Spruce,5,DGPS,10,579435,6362962,1.8,0,66.96365872,0,12.97838553,0,11.04403512,0,78,948
301,0403-0099-DO1,0403_0099_VRI,2008,40,TSA40_FortSt.John,VRI,RANDOM,BWBS,Spruce,5,DGPS,10,659698,6413070,3,0,1288.731613,0,8.052463893,0,0,0,51,688
302,0403-0099-DO1,0403_0099_VRI,2008,40,TSA40_FortSt.John,VRI,RANDOM,BWBS,Spruce,5,DGPS,10,659698,6413070,0,0,0,0,0,0,0,0,51,688
303,0403-0099-DO1,0403_0099_VRI,2008,40,TSA40_FortSt.John,VRI,RANDOM,BWBS,Spruce,5,DGPS,10,659698,6413070,0,0,0,0,0,0,0,0,51,688
304,0403-0099-DO1,0403_0099_VRI,2008,40,TSA40_FortSt.John,VRI,RANDOM,BWBS,Spruce,5,DGPS,10,659698,6413070,0,0,0,0,0,0,0,0,51,688
305,0403-0100-DO1,0403_0100_VRI,2008,40,TSA40_FortSt.John,VRI,RANDOM,BWBS,Spruce,5,DGPS,10,647099,6420405,5,0,1597.97203,0,14.270666,0,0,0,35,663
306,0403-0100-DO1,0403_0100_VRI,2008,40,TSA40_FortSt.John,VRI,RANDOM,BWBS,Spruce,5,DGPS,10,647099,6420405,1,0,147.2123444,0,2.809446541,0,0,0,35,663
307,0403-0100-DO1,0403_0100_VRI,2008,40,TSA40_FortSt.John,VRI,RANDOM,BWBS,Spruce,5,DGPS,10,647099,6420405,0,0,0,0,0,0,0,0,35,663
308,0403-0100-DO1,0403_0100_VRI,2008,40,TSA40_FortSt.John,VRI,RANDOM,BWBS,Spruce,5,DGPS,10,647099,6420405,0,0,0,0,0,0,0,0,35,663
309,0403-0101-DO1,0403_0101_VRI,2008,40,TSA40_FortSt.John,VRI,RANDOM,BWBS,Spruce,5,DGPS,10,658194,6427357,3,0,678.7627081,0,9.530004336,0,0,0,39,635
310,0403-0101-DO1,0403_0101_VRI,2008,40,TSA40_FortSt.John,VRI,RANDOM,BWBS,Spruce,5,DGPS,10,658194,6427357,2,0,336.5859905,0,7.470666758,0,0,0,39,635
311,0403-0101-DO1,0403_0101_VRI,2008,40,TSA40_FortSt.John,VRI,RANDOM,BWBS,Spruce,5,DGPS,10,658194,6427357,0,0,0,0,0,0,0,0,39,635
312,0403-0101-DO1,0403_0101_VRI,2008,40,TSA40_FortSt.John,VRI,RANDOM,BWBS,Spruce,5,DGPS,10,658194,6427357,0,0,0,0,0,0,0,0,39,635
313,0403-0106-DO1,0403_0106_VRI,2008,40,TSA40_FortSt.John,VRI,RANDOM,ESSF,Spruce,5,DGPS,10,483009,6303973,2,0,51.71969733,0,7.321548402,0,5.57633851,0,67,1644
314,0403-0106-DO1,0403_0106_VRI,2008,40,TSA40_FortSt.John,VRI,RANDOM,ESSF,Spruce,5,DGPS,10,483009,6303973,2,0,51.71969733,0,7.321548402,0,5.57633851,0,67,1644
315,0403-0106-DO1,0403_0106_VRI,2008,40,TSA40_FortSt.John,VRI,RANDOM,ESSF,Spruce,5,DGPS,10,483009,6303973,2,0,51.71969733,0,7.321548402,0,5.57633851,0,67,1644
316,0403-0106-DO1,0403_0106_VRI,2008,40,TSA40_FortSt.John,VRI,RANDOM,ESSF,Spruce,5,DGPS,10,483009,6303973,2,0,51.71969733,0,7.321548402,0,5.57633851,0,67,1644
317,0403-0107-DO1,0403_0107_VRI,2008,40,TSA40_FortSt.John,VRI,RANDOM,SWB,Pine,5,DGPS,10,500093,6326173,26.6,0,2223.01818,789.729941,138.7690142,18.78040209,90.42261965,2.055593485,151,1346
318,0403-0107-DO1,0403_0107_VRI,2008,40,TSA40_FortSt.John,VRI,RANDOM,SWB,Pine,5,DGPS,10,500093,6326173,25.2,0,1869.410683,464.2121556,133.8659538,12.59558509,90.42261965,2.055593485,151,1346
319,0403-0107-DO1,0403_0107_VRI,2008,40,TSA40_FortSt.John,VRI,RANDOM,SWB,Pine,5,DGPS,10,500093,6326173,18.2,0,919.2558726,0,104.0885964,0,86.82938679,0,151,1346
320,0403-0107-DO1,0403_0107_VRI,2008,40,TSA40_FortSt.John,VRI,RANDOM,SWB,Pine,5,DGPS,10,500093,6326173,4.2,0,128.0768983,0,28.13333951,0,25.87413148,0,151,1346
321,0403-0108-DO1,0403_0108_VRI,2008,40,TSA40_FortSt.John,VRI,RANDOM,SWB,Pine,5,DGPS,10,480366,6359262,0,0,0,0,0,0,0,0,0,1220
322,0403-0108-DO1,0403_0108_VRI,2008,40,TSA40_FortSt.John,VRI,RANDOM,SWB,Pine,5,DGPS,10,480366,6359262,0,0,0,0,0,0,0,0,0,1220
323,0403-0108-DO1,0403_0108_VRI,2008,40,TSA40_FortSt.John,VRI,RANDOM,SWB,Pine,5,DGPS,10,480366,6359262,0,0,0,0,0,0,0,0,0,1220
324,0403-0108-DO1,0403_0108_VRI,2008,40,TSA40_FortSt.John,VRI,RANDOM,SWB,Pine,5,DGPS,10,480366,6359262,0,0,0,0,0,0,0,0,0,1220
325,0403-0109-DO1,0403_0109_VRI,2008,40,TSA40_FortSt.John,VRI,RANDOM,BWBS,Spruce,5,DGPS,10,505224,6354801,11.132,0,1548.508037,0,44.09681096,0,12.53590859,0,34.33333333,1171
326,0403-0109-DO1,0403_0109_VRI,2008,40,TSA40_FortSt.John,VRI,RANDOM,BWBS,Spruce,5,DGPS,10,505224,6354801,10.12,0,1178.350484,0,41.09842896,0,12.53590859,0,34.33333333,1171
327,0403-0109-DO1,0403_0109_VRI,2008,40,TSA40_FortSt.John,VRI,RANDOM,BWBS,Spruce,5,DGPS,10,505224,6354801,3.036,0,163.8699622,0,15.63910538,0,11.32879474,0,34.33333333,1171
328,0403-0109-DO1,0403_0109_VRI,2008,40,TSA40_FortSt.John,VRI,RANDOM,BWBS,Spruce,5,DGPS,10,505224,6354801,1.012,0,28.40085612,0,7.287366597,0,6.373288932,0,34.33333333,1171
329,0403-0110-DO1,0403_0110_VRI,2008,40,TSA40_FortSt.John,VRI,RANDOM,BWBS,Spruce,5,DGPS,10,499112,6375784,27.5,0,4737.845899,0,110.3071098,0,48.57109094,0,122.4,946
330,0403-0110-DO1,0403_0110_VRI,2008,40,TSA40_FortSt.John,VRI,RANDOM,BWBS,Spruce,5,DGPS,10,499112,6375784,21.25,0,1740.537073,0,94.56469668,0,48.57109094,0,122.4,946
331,0403-0110-DO1,0403_0110_VRI,2008,40,TSA40_FortSt.John,VRI,RANDOM,BWBS,Spruce,5,DGPS,10,499112,6375784,13.75,0,769.3998661,0,65.93565032,0,44.23947197,0,122.4,946
332,0403-0110-DO1,0403_0110_VRI,2008,40,TSA40_FortSt.John,VRI,RANDOM,BWBS,Spruce,5,DGPS,10,499112,6375784,2.5,0,91.02630662,0,12.23697181,0,9.861100565,0,122.4,946
333,0403-0111-DO1,0403_0111_VRI,2008,40,TSA40_FortSt.John,VRI,RANDOM,BWBS,Spruce,5,DGPS,10,548725,6382283,49,0,3937.220995,664.3010509,290.3765533,26.25126441,195.417887,8.182626498,122,941
334,0403-0111-DO1,0403_0111_VRI,2008,40,TSA40_FortSt.John,VRI,RANDOM,BWBS,Spruce,5,DGPS,10,548725,6382283,46.2,0,2647.742785,664.3010509,280.2933156,26.25126441,195.417887,8.182626498,122,941
335,0403-0111-DO1,0403_0111_VRI,2008,40,TSA40_FortSt.John,VRI,RANDOM,BWBS,Spruce,5,DGPS,10,548725,6382283,37.8,0,1677.689759,212.668627,242.5002511,13.38142013,190.5278897,7.172439142,122,941
336,0403-0111-DO1,0403_0111_VRI,2008,40,TSA40_FortSt.John,VRI,RANDOM,BWBS,Spruce,5,DGPS,10,548725,6382283,18.2,0,577.0124887,0,127.9596422,0,110.347407,0,122,941
337,0403-0112-DO1,0403_0112_VRI,2008,40,TSA40_FortSt.John,VRI,RANDOM,BWBS,Spruce,5,DGPS,10,647998,6352692,8,0,2019.088533,556.6521545,23.12556908,13.63765532,0.941624185,1.141906225,119.1666667,881
338,0403-0112-DO1,0403_0112_VRI,2008,40,TSA40_FortSt.John,VRI,RANDOM,BWBS,Spruce,5,DGPS,10,647998,6352692,4,0,515.8845779,556.6521545,13.42006494,13.63765532,0.941624185,1.141906225,119.1666667,881
339,0403-0112-DO1,0403_0112_VRI,2008,40,TSA40_FortSt.John,VRI,RANDOM,BWBS,Spruce,5,DGPS,10,647998,6352692,0,0,0,80.19901527,0,1.673565638,0,0,119.1666667,881
340,0403-0112-DO1,0403_0112_VRI,2008,40,TSA40_FortSt.John,VRI,RANDOM,BWBS,Spruce,5,DGPS,10,647998,6352692,0,0,0,0,0,0,0,0,119.1666667,881
341,0403-0116-DO1,0403_0116_VRI,2008,40,TSA40_FortSt.John,VRI,RANDOM,BWBS,Spruce,5,DGPS,10,569337,6394495,34.2,0,2458.907219,257.7730025,219.5430429,51.94146999,134.9484989,39.16364024,86.6,816
342,0403-0116-DO1,0403_0116_VRI,2008,40,TSA40_FortSt.John,VRI,RANDOM,BWBS,Spruce,5,DGPS,10,569337,6394495,32.4,0,1977.531201,257.7730025,212.0734857,51.94146999,134.9484989,39.16364024,86.6,816
343,0403-0116-DO1,0403_0116_VRI,2008,40,TSA40_FortSt.John,VRI,RANDOM,BWBS,Spruce,5,DGPS,10,569337,6394495,23.4,0,926.4815159,257.7730025,165.468026,51.94146999,129.1758548,39.16364024,86.6,816
344,0403-0116-DO1,0403_0116_VRI,2008,40,TSA40_FortSt.John,VRI,RANDOM,BWBS,Spruce,5,DGPS,10,569337,6394495,16.2,0,466.3283786,80.9205289,121.6855398,27.93431012,101.7284046,22.23415079,86.6,816
345,0403-0117-DO1,0403_0117_VRI,2008,40,TSA40_FortSt.John,VRI,RANDOM,BWBS,Spruce,3,DGPS,10,630497,6418085,39.66666667,0,4583.765407,0,230.998737,0,100.9110731,0,62.5,556
346,0403-0117-DO1,0403_0117_VRI,2008,40,TSA40_FortSt.John,VRI,RANDOM,BWBS,Spruce,3,DGPS,10,630497,6418085,37.33333333,0,3485.062625,0,222.3773599,0,100.9110731,0,62.5,556
347,0403-0117-DO1,0403_0117_VRI,2008,40,TSA40_FortSt.John,VRI,RANDOM,BWBS,Spruce,3,DGPS,10,630497,6418085,18.66666667,0,896.0212599,0,127.7353179,0,92.04355697,0,62.5,556
348,0403-0117-DO1,0403_0117_VRI,2008,40,TSA40_FortSt.John,VRI,RANDOM,BWBS,Spruce,3,DGPS,10,630497,6418085,7,0,183.7391259,0,55.19959226,0,46.11683047,0,62.5,556
349,0403-0118-DO1,0403_0118_VRI,2008,40,TSA40_FortSt.John,VRI,RANDOM,BWBS,Spruce,5,DGPS,10,662076,6416979,32,0,2265.023479,270.6942793,172.7703047,13.18265036,94.77903174,4.761233864,170.6,682
350,0403-0118-DO1,0403_0118_VRI,2008,40,TSA40_FortSt.John,VRI,RANDOM,BWBS,Spruce,5,DGPS,10,662076,6416979,32,0,2265.023479,270.6942793,172.7703047,13.18265036,94.77903174,4.761233864,170.6,682
351,0403-0118-DO1,0403_0118_VRI,2008,40,TSA40_FortSt.John,VRI,RANDOM,BWBS,Spruce,5,DGPS,10,662076,6416979,23,0,1251.819117,150.6792386,131.1301794,8.57736888,88.71074983,4.512558515,170.6,682
352,0403-0118-DO1,0403_0118_VRI,2008,40,TSA40_FortSt.John,VRI,RANDOM,BWBS,Spruce,5,DGPS,10,662076,6416979,4,0,132.2024832,0,23.26928059,0,18.28887699,0,170.6,682
353,0403-0128-QO1,0403_0128_VRI,2009,40,TSA40_FortSt.John,VRI,RANDOM,BWBS,Spruce,5,DGPS,10,502748,6365112,28.8,0,2700.175698,903.7491658,140.9193089,29.23583625,99.45997897,10.87120792,101.8737785,1085
354,0403-0128-QO1,0403_0128_VRI,2009,40,TSA40_FortSt.John,VRI,RANDOM,BWBS,Spruce,5,DGPS,10,502748,6365112,25.2,0,1241.60814,436.0285087,131.3598003,23.51332101,99.45997897,10.87120792,101.8737785,1085
355,0403-0128-QO1,0403_0128_VRI,2009,40,TSA40_FortSt.John,VRI,RANDOM,BWBS,Spruce,5,DGPS,10,502748,6365112,23.4,0,874.386345,66.24555497,125.6134589,9.181992444,99.45997897,6.981199021,101.8737785,1085
356,0403-0128-QO1,0403_0128_VRI,2009,40,TSA40_FortSt.John,VRI,RANDOM,BWBS,Spruce,5,DGPS,10,502748,6365112,12.6,0,274.5607795,66.24555497,75.75617811,9.181992444,65.64267501,6.981199021,101.8737785,1085
357,0403-0129-QO1,0403_0129_VRI,2009,40,TSA40_FortSt.John,VRI,RANDOM,BWBS,Spruce,5,DGPS,10,588059,6263357,46.8,0,1713.236121,773.4992679,405.0658638,41.79405308,319.377731,20.18537392,122.4,716
358,0403-0129-QO1,0403_0129_VRI,2009,40,TSA40_FortSt.John,VRI,RANDOM,BWBS,Spruce,5,DGPS,10,588059,6263357,46.8,0,1713.236121,773.4992679,405.0658638,41.79405308,319.377731,20.18537392,122.4,716
359,0403-0129-QO1,0403_0129_VRI,2009,40,TSA40_FortSt.John,VRI,RANDOM,BWBS,Spruce,5,DGPS,10,588059,6263357,41.4,0,1248.363041,340.3439833,370.744257,29.76662215,305.1538402,19.20894268,122.4,716
360,0403-0129-QO1,0403_0129_VRI,2009,40,TSA40_FortSt.John,VRI,RANDOM,BWBS,Spruce,5,DGPS,10,588059,6263357,32.4,0,789.4341618,73.98731985,303.8890599,10.15360449,257.5578127,5.612632844,122.4,716
361,0403-0130-QO1,0403_0130_VRI,2009,40,TSA40_FortSt.John,VRI,RANDOM,BWBS,Poplar,3,DGPS,10,582235,6284236,42,0,6599.424767,0,253.5283188,0,147.1628848,0,71,828
362,0403-0130-QO1,0403_0130_VRI,2009,40,TSA40_FortSt.John,VRI,RANDOM,BWBS,Poplar,3,DGPS,10,582235,6284236,36,0,2368.22188,0,236.9355604,0,147.1628848,0,71,828
363,0403-0130-QO1,0403_0130_VRI,2009,40,TSA40_FortSt.John,VRI,RANDOM,BWBS,Poplar,3,DGPS,10,582235,6284236,30,0,1465.641847,0,205.6158915,0,147.1628848,0,71,828
364,0403-0130-QO1,0403_0130_VRI,2009,40,TSA40_FortSt.John,VRI,RANDOM,BWBS,Poplar,3,DGPS,10,582235,6284236,12,0,430.7360818,0,75.07989457,0,60.00681904,0,71,828
365,0403-0131-QO1,0403_0131_VRI,2009,40,TSA40_FortSt.John,VRI,RANDOM,BWBS,Spruce,5,DGPS,10,649286,6407801,43.2,0,2112.011062,27.73017105,432.0655653,30.27998704,359.3878273,15.52851512,181.9808451,623
366,0403-0131-QO1,0403_0131_VRI,2009,40,TSA40_FortSt.John,VRI,RANDOM,BWBS,Spruce,5,DGPS,10,649286,6407801,40.8,0,839.3017907,27.73017105,423.920881,30.27998704,359.3878273,15.52851512,181.9808451,623
367,0403-0131-QO1,0403_0131_VRI,2009,40,TSA40_FortSt.John,VRI,RANDOM,BWBS,Spruce,5,DGPS,10,649286,6407801,36,0,360.6777858,27.73017105,397.9853885,30.27998704,352.0114546,15.52851512,181.9808451,623
368,0403-0131-QO1,0403_0131_VRI,2009,40,TSA40_FortSt.John,VRI,RANDOM,BWBS,Spruce,5,DGPS,10,649286,6407801,36,0,360.6777858,27.73017105,397.9853885,30.27998704,352.0114546,15.52851512,181.9808451,623
369,0403-0132-QO1,0403_0132_VRI,2009,40,TSA40_FortSt.John,VRI,RANDOM,BWBS,Pine,5,DGPS,10,590609,6294821,19.8,0,3667.077239,0,88.28795128,0,32.76355377,0,50.16666667,841
370,0403-0132-QO1,0403_0132_VRI,2009,40,TSA40_FortSt.John,VRI,RANDOM,BWBS,Pine,5,DGPS,10,590609,6294821,14.4,0,1456.463543,0,69.51162679,0,32.76355377,0,50.16666667,841
371,0403-0132-QO1,0403_0132_VRI,2009,40,TSA40_FortSt.John,VRI,RANDOM,BWBS,Pine,5,DGPS,10,590609,6294821,7.2,0,333.2815075,0,37.87990122,0,28.83682534,0,50.16666667,841
372,0403-0132-QO1,0403_0132_VRI,2009,40,TSA40_FortSt.John,VRI,RANDOM,BWBS,Pine,5,DGPS,10,590609,6294821,3.6,0,149.6706103,0,16.18123151,0,11.76671554,0,50.16666667,841
373,0403-0133-DO1,0403_0133_VRI,2009,40,TSA40_FortSt.John,VRI,RANDOM,BWBS,Pine,5,MAP,10,640990,6323841,32.5,0,3631.387651,1011.876443,228.6333217,24.06412828,127.9338361,0,52,0
374,0403-0133-DO1,0403_0133_VRI,2009,40,TSA40_FortSt.John,VRI,RANDOM,BWBS,Pine,5,MAP,10,640990,6323841,27.5,0,2146.105641,522.0181921,207.4719249,16.36336588,127.9338361,0,52,0
375,0403-0133-DO1,0403_0133_VRI,2009,40,TSA40_FortSt.John,VRI,RANDOM,BWBS,Pine,5,MAP,10,640990,6323841,20,0,942.8990938,16.88664557,161.8234588,1.992188843,127.9338361,0,52,0
376,0403-0133-DO1,0403_0133_VRI,2009,40,TSA40_FortSt.John,VRI,RANDOM,BWBS,Pine,5,MAP,10,640990,6323841,11.25,0,418.8122885,16.88664557,96.29035651,1.992188843,81.48525859,0,52,0
377,0403-0134-QO1,0403_0134_VRI,2009,40,TSA40_FortSt.John,VRI,RANDOM,BWBS,Pine,5,VGPS,10,533365,6249234,37.8,0,473.6954504,48.67020365,380.7161885,9.978365036,349.0817448,8.192961734,134.1920723,1082
378,0403-0134-QO1,0403_0134_VRI,2009,40,TSA40_FortSt.John,VRI,RANDOM,BWBS,Pine,5,VGPS,10,533365,6249234,37.8,0,473.6954504,48.67020365,380.7161885,9.978365036,349.0817448,8.192961734,134.1920723,1082
379,0403-0134-QO1,0403_0134_VRI,2009,40,TSA40_FortSt.John,VRI,RANDOM,BWBS,Pine,5,VGPS,10,533365,6249234,37.8,0,473.6954504,48.67020365,380.7161885,9.978365036,349.0817448,8.192961734,134.1920723,1082
380,0403-0134-QO1,0403_0134_VRI,2009,40,TSA40_FortSt.John,VRI,RANDOM,BWBS,Pine,5,VGPS,10,533365,6249234,37.8,0,473.6954504,48.67020365,380.7161885,9.978365036,349.0817448,8.192961734,134.1920723,1082
381,0403-0135-QO1,0403_0135_VRI,2009,40,TSA40_FortSt.John,VRI,RANDOM,SWB,Pine,5,DGPS,10,507282,6311943,55.8,0,2360.899929,820.3212497,395.3904074,54.94274645,322.4903036,34.59499541,152.8333333,1252
382,0403-0135-QO1,0403_0135_VRI,2009,40,TSA40_FortSt.John,VRI,RANDOM,SWB,Pine,5,DGPS,10,507282,6311943,55.8,0,2360.899929,378.224178,395.3904074,47.09811101,322.4903036,34.59499541,152.8333333,1252
383,0403-0135-QO1,0403_0135_VRI,2009,40,TSA40_FortSt.John,VRI,RANDOM,SWB,Pine,5,DGPS,10,507282,6311943,50.4,0,1877.004678,378.224178,359.8469351,47.09811101,304.8698195,34.59499541,152.8333333,1252
384,0403-0135-QO1,0403_0135_VRI,2009,40,TSA40_FortSt.John,VRI,RANDOM,SWB,Pine,5,DGPS,10,507282,6311943,36,0,986.2920235,0,262.9637561,0,232.4757558,0,152.8333333,1252
385,0403-0136-QO1,0403_0136_VRI,2009,40,TSA40_FortSt.John,VRI,RANDOM,BWBS,Spruce,5,DGPS,10,510994,6366274,32.4,0,2321.13242,106.0591059,178.2220446,12.20933293,113.7081816,4.433770912,102,1115
386,0403-0136-QO1,0403_0136_VRI,2009,40,TSA40_FortSt.John,VRI,RANDOM,BWBS,Spruce,5,DGPS,10,510994,6366274,32.4,0,2321.13242,106.0591059,178.2220446,12.20933293,113.7081816,4.433770912,102,1115
387,0403-0136-QO1,0403_0136_VRI,2009,40,TSA40_FortSt.John,VRI,RANDOM,BWBS,Spruce,5,DGPS,10,510994,6366274,21.6,0,997.2544303,106.0591059,131.6880874,12.20933293,103.57002,4.433770912,102,1115
388,0403-0136-QO1,0403_0136_VRI,2009,40,TSA40_FortSt.John,VRI,RANDOM,BWBS,Spruce,5,DGPS,10,510994,6366274,9,0,279.4182941,0,61.75234872,0,54.12534952,0,102,1115
389,0403-0141-QO1,0403_0141_VRI,2009,40,TSA40_FortSt.John,VRI,RANDOM,BWBS,Spruce,5,DGPS,10,510449,6302407,30.6,0,3327.783428,69.95608253,131.9028684,8.020751813,73.28829749,5.235649609,37.33333333,956
390,0403-0141-QO1,0403_0141_VRI,2009,40,TSA40_FortSt.John,VRI,RANDOM,BWBS,Spruce,5,DGPS,10,510449,6302407,28.8,0,2028.55938,69.95608253,127.9063004,8.020751813,73.28829749,5.235649609,37.33333333,956
391,0403-0141-QO1,0403_0141_VRI,2009,40,TSA40_FortSt.John,VRI,RANDOM,BWBS,Spruce,5,DGPS,10,510449,6302407,18,0,788.2889748,69.95608253,87.65098825,8.020751813,63.16233459,5.235649609,37.33333333,956
392,0403-0141-QO1,0403_0141_VRI,2009,40,TSA40_FortSt.John,VRI,RANDOM,BWBS,Spruce,5,DGPS,10,510449,6302407,9,0,235.6641921,69.95608253,48.64681029,8.020751813,39.1405506,5.235649609,37.33333333,956
393,0403-0142-QO1,0403_0142_VRI,2009,40,TSA40_FortSt.John,VRI,RANDOM,BWBS,Spruce,5,MAP,10,610771,6272014,17.204,0,1085.404057,37.87751203,164.4761416,35.39868437,130.633913,19.91862219,104.5,0
394,0403-0142-QO1,0403_0142_VRI,2009,40,TSA40_FortSt.John,VRI,RANDOM,BWBS,Spruce,5,MAP,10,610771,6272014,16.192,0,388.5309145,37.87751203,161.1033864,35.39868437,130.633913,19.91862219,104.5,0
395,0403-0142-QO1,0403_0142_VRI,2009,40,TSA40_FortSt.John,VRI,RANDOM,BWBS,Spruce,5,MAP,10,610771,6272014,14.168,0,179.37282,37.87751203,150.1831292,35.39868437,127.9337853,19.91862219,104.5,0
396,0403-0142-QO1,0403_0142_VRI,2009,40,TSA40_FortSt.John,VRI,RANDOM,BWBS,Spruce,5,MAP,10,610771,6272014,13.156,0,100.7278956,37.87751203,144.313092,35.39868437,125.0703422,19.91862219,104.5,0
397,0403-0143-QO1,0403_0143_VRI,2009,40,TSA40_FortSt.John,VRI,RANDOM,ESSF,Pine,5,DGPS,10,523285,6257175,34.2,0,4277.980657,332.6798112,191.7222531,5.891623791,106.1609987,0,107,1218
398,0403-0143-QO1,0403_0143_VRI,2009,40,TSA40_FortSt.John,VRI,RANDOM,ESSF,Pine,5,DGPS,10,523285,6257175,27,0,1628.958758,332.6798112,167.1569533,5.891623791,106.1609987,0,107,1218
399,0403-0143-QO1,0403_0143_VRI,2009,40,TSA40_FortSt.John,VRI,RANDOM,ESSF,Pine,5,DGPS,10,523285,6257175,19.8,0,568.4439138,0,137.4056146,0,105.2618421,0,107,1218
400,0403-0143-QO1,0403_0143_VRI,2009,40,TSA40_FortSt.John,VRI,RANDOM,ESSF,Pine,5,DGPS,10,523285,6257175,16.2,0,302.8095813,0,119.5059479,0,94.76431593,0,107,1218
401,0403-0144-QO1,0403_0144_VRI,2009,40,TSA40_FortSt.John,VRI,RANDOM,ESSF,Spruce,5,DGPS,10,499959,6262271,36.4,0,1635.856086,262.4302919,206.2246774,25.34287964,167.6653999,14.35392074,80.5,1559
402,0403-0144-QO1,0403_0144_VRI,2009,40,TSA40_FortSt.John,VRI,RANDOM,ESSF,Spruce,5,DGPS,10,499959,6262271,35,0,575.4543051,262.4302919,203.4666051,25.34287964,167.6653999,14.35392074,80.5,1559
403,0403-0144-QO1,0403_0144_VRI,2009,40,TSA40_FortSt.John,VRI,RANDOM,ESSF,Spruce,5,DGPS,10,499959,6262271,35,0,575.4543051,21.41685311,203.4666051,20.27056046,167.6653999,14.35392074,80.5,1559
404,0403-0144-QO1,0403_0144_VRI,2009,40,TSA40_FortSt.John,VRI,RANDOM,ESSF,Spruce,5,DGPS,10,499959,6262271,33.6,0,516.5781196,21.41685311,197.6219763,20.27056046,163.5366095,14.35392074,80.5,1559
405,0403-0145-QO1,0403_0145_VRI,2009,40,TSA40_FortSt.John,VRI,RANDOM,ESSF,Spruce,5,MAP,10,487495,6275337,37.8,0,800.8056907,0,266.8544316,0,214.276355,0,83.15625,1400
406,0403-0145-QO1,0403_0145_VRI,2009,40,TSA40_FortSt.John,VRI,RANDOM,ESSF,Spruce,5,MAP,10,487495,6275337,37.8,0,800.8056907,0,266.8544316,0,214.276355,0,83.15625,1400
407,0403-0145-QO1,0403_0145_VRI,2009,40,TSA40_FortSt.John,VRI,RANDOM,ESSF,Spruce,5,MAP,10,487495,6275337,36,0,649.3197221,0,259.5844653,0,211.1881605,0,83.15625,1400
408,0403-0145-QO1,0403_0145_VRI,2009,40,TSA40_FortSt.John,VRI,RANDOM,ESSF,Spruce,5,MAP,10,487495,6275337,32.4,0,411.1594985,0,237.2338354,0,197.566639,0,83.15625,1400
409,0403-0146-QO1,0403_0146_VRI,2009,40,TSA40_FortSt.John,VRI,RANDOM,ESSF,Spruce,5,DGPS,10,487001,6298991,41.4,0,1085.173597,1007.977345,347.2726988,52.78054509,260.1702692,30.88839648,132.25,1273
410,0403-0146-QO1,0403_0146_VRI,2009,40,TSA40_FortSt.John,VRI,RANDOM,ESSF,Spruce,5,DGPS,10,487001,6298991,41.4,0,1085.173597,1007.977345,347.2726988,52.78054509,260.1702692,30.88839648,132.25,1273
411,0403-0146-QO1,0403_0146_VRI,2009,40,TSA40_FortSt.John,VRI,RANDOM,ESSF,Spruce,5,DGPS,10,487001,6298991,39.6,0,936.1210983,254.5811521,337.2661028,40.35496821,255.9510934,30.88839648,132.25,1273
412,0403-0146-QO1,0403_0146_VRI,2009,40,TSA40_FortSt.John,VRI,RANDOM,ESSF,Spruce,5,DGPS,10,487001,6298991,34.2,0,638.7669979,69.55203393,303.8130772,22.71633922,235.5738824,18.20950104,132.25,1273
413,0403-0147-QO1,0403_0147_VRI,2009,40,TSA40_FortSt.John,VRI,RANDOM,SWB,Spruce,5,DGPS,10,453022,6335602,27,0,527.0500467,0,157.4274597,0,133.1493758,0,102.4,1458
414,0403-0147-QO1,0403_0147_VRI,2009,40,TSA40_FortSt.John,VRI,RANDOM,SWB,Spruce,5,DGPS,10,453022,6335602,27,0,527.0500467,0,157.4274597,0,133.1493758,0,102.4,1458
415,0403-0147-QO1,0403_0147_VRI,2009,40,TSA40_FortSt.John,VRI,RANDOM,SWB,Spruce,5,DGPS,10,453022,6335602,27,0,527.0500467,0,157.4274597,0,133.1493758,0,102.4,1458
416,0403-0147-QO1,0403_0147_VRI,2009,40,TSA40_FortSt.John,VRI,RANDOM,SWB,Spruce,5,DGPS,10,453022,6335602,25.2,0,449.5814413,0,149.1217917,0,126.980829,0,102.4,1458
417,0403-0148-QO1,0403_0148_VRI,2009,40,TSA40_FortSt.John,VRI,RANDOM,SWB,Spruce,3,DGPS,10,479950,6335347,18.66666667,0,1649.876592,184.1956923,77.25287712,9.461443349,46.92326185,4.875761721,71,1240
418,0403-0148-QO1,0403_0148_VRI,2009,40,TSA40_FortSt.John,VRI,RANDOM,SWB,Spruce,3,DGPS,10,479950,6335347,16.33333333,0,901.3524492,184.1956923,71.05338137,9.461443349,46.92326185,4.875761721,71,1240
419,0403-0148-QO1,0403_0148_VRI,2009,40,TSA40_FortSt.John,VRI,RANDOM,SWB,Spruce,3,DGPS,10,479950,6335347,14,0,704.9817491,184.1956923,61.81877094,9.461443349,42.86762813,4.875761721,71,1240
420,0403-0148-QO1,0403_0148_VRI,2009,40,TSA40_FortSt.John,VRI,RANDOM,SWB,Spruce,3,DGPS,10,479950,6335347,4.666666667,0,153.1692643,0,21.99212029,0,17.42473004,0,71,1240
421,0403-0149-DO1,0403_0149_VRI,2009,40,TSA40_FortSt.John,VRI,RANDOM,BWBS,Pine,5,MAP,10,659642,6331579,21.25,0,5267.211905,451.1194609,94.0477167,12.78473414,8.346181791,0,49.2,1240
422,0403-0149-DO1,0403_0149_VRI,2009,40,TSA40_FortSt.John,VRI,RANDOM,BWBS,Pine,5,MAP,10,659642,6331579,12.5,0,1708.577062,451.1194609,62.33954296,12.78473414,8.346181791,0,49.2,1240
423,0403-0149-DO1,0403_0149_VRI,2009,40,TSA40_FortSt.John,VRI,RANDOM,BWBS,Pine,5,MAP,10,659642,6331579,0,0,0,0,0,0,0,0,49.2,1240
424,0403-0149-DO1,0403_0149_VRI,2009,40,TSA40_FortSt.John,VRI,RANDOM,BWBS,Pine,5,MAP,10,659642,6331579,0,0,0,0,0,0,0,0,49.2,1240
425,0403-0150-DO1,0403_0150_VRI,2009,40,TSA40_FortSt.John,VRI,RANDOM,BWBS,Spruce,5,MAP,10,550872,6253304,36.75,0,589.5258225,409.2490833,331.3477309,101.7478791,289.9268845,71.53349323,88.4,1240
426,0403-0150-DO1,0403_0150_VRI,2009,40,TSA40_FortSt.John,VRI,RANDOM,BWBS,Spruce,5,MAP,10,550872,6253304,36.75,0,589.5258225,409.2490833,331.3477309,101.7478791,289.9268845,71.53349323,88.4,1240
427,0403-0150-DO1,0403_0150_VRI,2009,40,TSA40_FortSt.John,VRI,RANDOM,BWBS,Spruce,5,MAP,10,550872,6253304,36.75,0,589.5258225,409.2490833,331.3477309,101.7478791,289.9268845,71.53349323,88.4,1240
428,0403-0150-DO1,0403_0150_VRI,2009,40,TSA40_FortSt.John,VRI,RANDOM,BWBS,Spruce,5,MAP,10,550872,6253304,36.75,0,589.5258225,296.0455364,331.3477309,85.89598937,289.9268845,61.55885774,88.4,1240
429,0403-0151-DO1,0403_0151_VRI,2009,40,TSA40_FortSt.John,VRI,RANDOM,BWBS,Pine,5,MAP,10,561982,6350186,24.5,0,382.152623,0,286.7362834,0,268.8132242,0,152.25,1240
430,0403-0151-DO1,0403_0151_VRI,2009,40,TSA40_FortSt.John,VRI,RANDOM,BWBS,Pine,5,MAP,10,561982,6350186,24.5,0,382.152623,0,286.7362834,0,268.8132242,0,152.25,1240
431,0403-0151-DO1,0403_0151_VRI,2009,40,TSA40_FortSt.John,VRI,RANDOM,BWBS,Pine,5,MAP,10,561982,6350186,24.5,0,382.152623,0,286.7362834,0,268.8132242,0,152.25,1240
432,0403-0151-DO1,0403_0151_VRI,2009,40,TSA40_FortSt.John,VRI,RANDOM,BWBS,Pine,5,MAP,10,561982,6350186,24.5,0,382.152623,0,286.7362834,0,268.8132242,0,152.25,1240
