,clstr_id,samp_id,tsa_no,mgmt_unit,species_class,meas_dt,utm_zone,utm_easting,utm_northing,bcalb_x,bcalb_y,elev,baf_pm,baha_L,stemsha_L,wsvha_L,nmvha_L,lead_si,lead_htop,bh_stand_age,tot_stand_age
1,0403-0001-DO1,0403_0001_VRI,40,TSA40_FortSt.John,Spruce,2008-09-13,10,659494,6229688,1344715.651,1257109.049,466,5,12,920.734974,68.91962916,52.08775506,21.18505859,21.5,45.33333333,53.50142494
2,0403-0001-DO1,0403_0001_VRI,40,TSA40_FortSt.John,Spruce,2008-09-13,10,659494,6229688,1344715.651,1257109.049,466,5,11,431.215725,66.60279669,52.08775506,21.18505859,21.5,45.33333333,53.50142494
3,0403-0001-DO1,0403_0001_VRI,40,TSA40_FortSt.John,Spruce,2008-09-13,10,659494,6229688,1344715.651,1257109.049,466,5,10,254.9887954,63.58913086,52.08775506,21.18506,21.5,45.33333333,53.50142494
4,0403-0001-DO1,0403_0001_VRI,40,TSA40_FortSt.John,Spruce,2008-09-13,10,659494,6229688,1344715.651,1257109.049,466,5,8,147.0708208,50.785792,43.09228458,21.18505859,21.5,45.33333333,53.50142494
5,0403-0002-DO1,0403_0002_VRI,40,TSA40_FortSt.John,Poplar,2008-09-13,10,658272,6229135,1343520.396,1256504.945,490,9,27,1133.789174,221.4402047,148.5762765,21.31328125,22.83333333,67.1031833,71.49316961
6,0403-0002-DO1,0403_0002_VRI,40,TSA40_FortSt.John,Poplar,2008-09-13,10,658272,6229135,1343520.396,1256504.945,490,9,27,1133.789174,221.4402047,148.5762765,21.31328125,22.83333333,67.1031833,71.49316961
7,0403-0002-DO1,0403_0002_VRI,40,TSA40_FortSt.John,Poplar,2008-09-13,10,658272,6229135,1343520.396,1256504.945,490,9,23.4,761.4063236,193.4195268,146.0991263,21.31328125,22.83333333,67.1031833,71.49316961
8,0403-0002-DO1,0403_0002_VRI,40,TSA40_FortSt.John,Poplar,2008-09-13,10,658272,6229135,1343520.396,1256504.945,490,9,18,404.4213115,153.7568948,125.875806,21.31328125,22.83333333,67.1031833,71.49316961
9,0403-0003-DO1,0403_0003_VRI,40,TSA40_FortSt.John,Other,2008-10-14,10,682151,6236756,1367009.441,1265117.017,696,5,4,906.0177933,16.56680753,8.44123846,13.07265625,8.7,29.66666667,36.85059131
10,0403-0003-DO1,0403_0003_VRI,40,TSA40_FortSt.John,Other,2008-10-14,10,682151,6236756,1367009.441,1265117.017,696,5,2,69.78567438,10.93930987,8.44123846,13.07265625,8.7,29.66666667,36.85059131
11,0403-0003-DO1,0403_0003_VRI,40,TSA40_FortSt.John,Other,2008-10-14,10,682151,6236756,1367009.441,1265117.017,696,5,2,69.78567438,10.93930987,8.44123846,13.07265625,8.7,29.66666667,36.85059131
12,0403-0003-DO1,0403_0003_VRI,40,TSA40_FortSt.John,Other,2008-10-14,10,682151,6236756,1367009.441,1265117.017,696,5,1,20.04975382,6.95354263,5.931444716,13.07266,8.7,29.66666667,36.85059131
13,0403-0005-DO1,0403_0005_VRI,40,TSA40_FortSt.John,Poplar,2008-10-11,10,595835,6257622,1280071.442,1282454.673,841,7,50.4,2619.902682,364.7527415,277.519149,23.08344727,25.2,59.5,62.50154153
14,0403-0005-DO1,0403_0005_VRI,40,TSA40_FortSt.John,Poplar,2008-10-11,10,595835,6257622,1280071.442,1282454.673,841,7,49,1699.17159,359.8103111,277.519149,23.08344727,25.2,59.5,62.50154153
15,0403-0005-DO1,0403_0005_VRI,40,TSA40_FortSt.John,Poplar,2008-10-11,10,595835,6257622,1280071.442,1282454.673,841,7,44.8,1318.976487,337.7753828,273.1622455,23.08344727,25.2,59.5,62.50154153
16,0403-0005-DO1,0403_0005_VRI,40,TSA40_FortSt.John,Poplar,2008-10-11,10,595835,6257622,1280071.442,1282454.673,841,7,39.2,954.1281947,304.8598021,255.1962467,23.08344727,25.2,59.5,62.50154153
17,0403-0008-DO1,0403_0008_VRI,40,TSA40_FortSt.John,Poplar,2008-10-03,10,594432,6271798,1278078.329,1296593.533,875,7,37.8,3588.373007,224.8324138,133.7318288,17.84919922,18.7,54,58.70178296
18,0403-0008-DO1,0403_0008_VRI,40,TSA40_FortSt.John,Poplar,2008-10-03,10,594432,6271798,1278078.329,1296593.533,875,7,35,2217.71911,220.5907846,133.7318288,17.84919922,18.7,54,58.70178296
19,0403-0008-DO1,0403_0008_VRI,40,TSA40_FortSt.John,Poplar,2008-10-03,10,594432,6271798,1278078.329,1296593.533,875,7,30.8,1694.892855,200.7254161,131.6965556,17.84919922,18.7,54,58.70178296
20,0403-0008-DO1,0403_0008_VRI,40,TSA40_FortSt.John,Poplar,2008-10-03,10,594432,6271798,1278078.329,1296593.533,875,7,7,189.0239047,52.12827011,43.01770034,17.13867188,18,54,58.70178296
21,0403-0009-DO1,0403_0009_VRI,40,TSA40_FortSt.John,Spruce,2008-10-13,10,604955,6283788,1288072.804,1309036.672,704,9,54,3367.834941,345.9302402,217.19265,16.82289063,18.5,55.66666667,65.34344587
22,0403-0009-DO1,0403_0009_VRI,40,TSA40_FortSt.John,Spruce,2008-10-13,10,604955,6283788,1288072.804,1309036.672,704,9,54,3367.834941,345.9302402,217.19265,16.82289063,18.5,55.66666667,65.34344587
23,0403-0009-DO1,0403_0009_VRI,40,TSA40_FortSt.John,Spruce,2008-10-13,10,604955,6283788,1288072.804,1309036.672,704,9,43.2,2041.555686,291.4970368,208.9362331,16.82289063,18.5,55.66666667,65.34344587
24,0403-0009-DO1,0403_0009_VRI,40,TSA40_FortSt.John,Spruce,2008-10-13,10,604955,6283788,1288072.804,1309036.672,704,9,18,468.1931626,137.1393489,113.6506613,14.07734375,14.8,55.66666667,65.34344587
25,0403-0010-DO1,0403_0010_VRI,40,TSA40_FortSt.John,Poplar,2008-09-15,10,641389,6275839,1324742.431,1302580.498,673,5,20,928.7829318,165.5575622,114.6713009,20.57480469,21.85,56.63710179,59.85745408
26,0403-0010-DO1,0403_0010_VRI,40,TSA40_FortSt.John,Poplar,2008-09-15,10,641389,6275839,1324742.431,1302580.498,673,5,20,928.7829318,165.5575622,114.6713009,20.57480469,21.85,56.63710179,59.85745408
27,0403-0010-DO1,0403_0010_VRI,40,TSA40_FortSt.John,Poplar,2008-09-15,10,641389,6275839,1324742.431,1302580.498,673,5,18,608.2965367,150.7797131,114.3892636,20.57480469,21.85,56.63710179,59.85745408
28,0403-0010-DO1,0403_0010_VRI,40,TSA40_FortSt.John,Poplar,2008-09-15,10,641389,6275839,1324742.431,1302580.498,673,5,12,269.2895522,102.3525615,81.74745369,20.57480469,21.85,56.63710179,59.85745408
29,0403-0011-DO1,0403_0011_VRI,40,TSA40_FortSt.John,Spruce,2008-09-16,10,669979,6283375,1352942.096,1311297.691,753,6.25,26.25,1642.269503,188.0481176,124.2588362,16.66948736,17.4,52.5,63.38357246
30,0403-0011-DO1,0403_0011_VRI,40,TSA40_FortSt.John,Spruce,2008-09-16,10,669979,6283375,1352942.096,1311297.691,753,6.25,26.25,1642.269503,188.0481176,124.2588362,16.66948736,17.4,52.5,63.38357246
31,0403-0011-DO1,0403_0011_VRI,40,TSA40_FortSt.John,Spruce,2008-09-16,10,669979,6283375,1352942.096,1311297.691,753,6.25,16.25,372.361391,138.0497327,117.9039936,16.66948736,17.4,52.5,63.38357246
32,0403-0011-DO1,0403_0011_VRI,40,TSA40_FortSt.John,Spruce,2008-09-16,10,669979,6283375,1352942.096,1311297.691,753,6.25,12.5,181.9551273,114.5346131,101.1768141,16.66948736,17.4,52.5,63.38357246
33,0403-0013-DO1,0403_0013_VRI,40,TSA40_FortSt.John,Poplar,2008-10-04,10,636588,6299873,1318956.039,1326446.871,687,6.25,40,6371.649608,237.1474048,76.69356867,16.76341797,16.06,46.88864912,50.5405452
34,0403-0013-DO1,0403_0013_VRI,40,TSA40_FortSt.John,Poplar,2008-10-04,10,636588,6299873,1318956.039,1326446.871,687,6.25,35,3966.474526,216.0699863,76.69356867,16.76341797,16.06,46.88864912,50.5405452
35,0403-0013-DO1,0403_0013_VRI,40,TSA40_FortSt.John,Poplar,2008-10-04,10,636588,6299873,1318956.039,1326446.871,687,6.25,15,747.4713868,107.2792665,74.88764355,16.76341797,16.06,46.88864912,50.5405452
36,0403-0013-DO1,0403_0013_VRI,40,TSA40_FortSt.John,Poplar,2008-10-04,10,636588,6299873,1318956.039,1326446.871,687,6.25,5,95.26171337,40.1680157,35.55992854,16.76341797,16.06,46.88864912,50.5405452
37,0403-0014-DO1,0403_0014_VRI,40,TSA40_FortSt.John,Poplar,2008-10-04,10,577142,6312988,1259105.944,1337119.762,817,9,16.2,3628.914949,85.90583805,19.28456052,17.47339844,11.86,31,36.09853864
38,0403-0014-DO1,0403_0014_VRI,40,TSA40_FortSt.John,Poplar,2008-10-04,10,577142,6312988,1259105.944,1337119.762,817,9,10.8,1264.985319,64.86812843,19.28456052,14.52043929,12.8,31,36.09853864
39,0403-0014-DO1,0403_0014_VRI,40,TSA40_FortSt.John,Poplar,2008-10-04,10,577142,6312988,1259105.944,1337119.762,817,9,3.6,236.2763239,23.95134444,16.42558618,14.52043929,12.8,31,36.09853864
40,0403-0014-DO1,0403_0014_VRI,40,TSA40_FortSt.John,Poplar,2008-10-04,10,577142,6312988,1259105.944,1337119.762,817,9,0,0,0,0,17.47339844,11.86,31,36.09853864
41,0403-0018-DO1,0403_0018_VRI,40,TSA40_FortSt.John,Poplar,2008-09-25,10,608878,6341600,1289578.581,1367076.957,768,7,46.2,3069.318184,350.0106938,251.7122089,13.28922119,20.2,114.715676,121.1257953
42,0403-0018-DO1,0403_0018_VRI,40,TSA40_FortSt.John,Poplar,2008-09-25,10,608878,6341600,1289578.581,1367076.957,768,7,43.4,1992.407277,341.5946902,251.7122089,13.28922119,20.2,114.715676,121.1257953
43,0403-0018-DO1,0403_0018_VRI,40,TSA40_FortSt.John,Poplar,2008-09-25,10,608878,6341600,1289578.581,1367076.957,768,7,36.4,838.7735804,311.659191,251.7122089,13.28922119,20.2,114.715676,121.1257953
44,0403-0018-DO1,0403_0018_VRI,40,TSA40_FortSt.John,Poplar,2008-09-25,10,608878,6341600,1289578.581,1367076.957,768,7,32.2,556.1113735,290.6165805,239.3804783,13.28922119,20.2,114.715676,121.1257953
45,0403-0019-DO1,0403_0019_VRI,40,TSA40_FortSt.John,Poplar,2008-10-07,10,675173,6361080,1354929.046,1389282.318,807,6.25,23.75,3554.354299,139.2731147,50.08898104,18.13098958,17.43333333,48,52.28340035
46,0403-0019-DO1,0403_0019_VRI,40,TSA40_FortSt.John,Poplar,2008-10-07,10,675173,6361080,1354929.046,1389282.318,807,6.25,21.25,2253.022674,130.5171839,50.08898104,18.13098958,17.43333333,48,52.28340035
47,0403-0019-DO1,0403_0019_VRI,40,TSA40_FortSt.John,Poplar,2008-10-07,10,675173,6361080,1354929.046,1389282.318,807,6.25,8.75,443.946009,65.0429224,46.6064091,18.13098958,17.43333333,48,52.28340035
48,0403-0019-DO1,0403_0019_VRI,40,TSA40_FortSt.John,Poplar,2008-10-07,10,675173,6361080,1354929.046,1389282.318,807,6.25,2.5,78.14068482,20.64606335,17.36073859,18.13098958,17.43333333,48,52.28340035
49,0403-0022-DO1,0403_0022_VRI,40,TSA40_FortSt.John,Poplar,2008-09-18,10,627307,6462332,1303004.224,1488605.043,434,9,32.4,485.5980676,361.1330976,305.8147273,25.47397461,32.875,91.5,94.35705587
50,0403-0022-DO1,0403_0022_VRI,40,TSA40_FortSt.John,Poplar,2008-09-18,10,627307,6462332,1303004.224,1488605.043,434,9,32.4,485.5980676,361.1330976,305.8147273,25.47397461,32.875,91.5,94.35705587
51,0403-0022-DO1,0403_0022_VRI,40,TSA40_FortSt.John,Poplar,2008-09-18,10,627307,6462332,1303004.224,1488605.043,434,9,32.4,485.5980676,361.1330976,305.8147273,25.47397461,32.875,91.5,94.35705587
52,0403-0022-DO1,0403_0022_VRI,40,TSA40_FortSt.John,Poplar,2008-09-18,10,627307,6462332,1303004.224,1488605.043,434,9,30.6,379.5389617,349.1777702,297.908225,25.47397461,32.875,91.5,94.35705587
53,0403-0024-DO1,0403_0024_VRI,40,TSA40_FortSt.John,Poplar,2008-10-09,10,578592,6269161,1262390.001,1293293.882,711,5.06,37.10666667,4472.848381,197.317619,78.5355427,16.45087891,15.8,44.19901316,49.39960756
54,0403-0024-DO1,0403_0024_VRI,40,TSA40_FortSt.John,Poplar,2008-10-09,10,578592,6269161,1262390.001,1293293.882,711,5.06,30.36,2427.750067,172.4041413,78.5355427,16.45087891,15.8,44.19901316,49.39960756
55,0403-0024-DO1,0403_0024_VRI,40,TSA40_FortSt.John,Poplar,2008-10-09,10,578592,6269161,1262390.001,1293293.882,711,5.06,18.55333333,1019.756408,108.0159948,71.53073415,16.45087891,15.8,44.19901316,49.39960756
56,0403-0024-DO1,0403_0024_VRI,40,TSA40_FortSt.John,Poplar,2008-10-09,10,578592,6269161,1262390.001,1293293.882,711,5.06,5.06,147.6947768,29.63680321,24.25699725,16.45087891,15.8,44.19901316,49.39960756
57,0403-0025-DO1,0403_0025_VRI,40,TSA40_FortSt.John,Poplar,2008-10-09,10,585956,6289574,1268879.469,1314042.342,809,7,46.2,1250.337275,353.2734914,284.9419558,18.12871094,20.2,74.68262472,84.34965578
58,0403-0025-DO1,0403_0025_VRI,40,TSA40_FortSt.John,Poplar,2008-10-09,10,585956,6289574,1268879.469,1314042.342,809,7,46.2,1250.337275,353.2734914,284.9419558,18.12871094,20.2,74.68262472,84.34965578
59,0403-0025-DO1,0403_0025_VRI,40,TSA40_FortSt.John,Poplar,2008-10-09,10,585956,6289574,1268879.469,1314042.342,809,7,44.8,1122.318358,346.5276825,282.5046486,18.12871094,20.2,74.68262472,84.34965578
60,0403-0025-DO1,0403_0025_VRI,40,TSA40_FortSt.John,Poplar,2008-10-09,10,585956,6289574,1268879.469,1314042.342,809,7,37.8,740.4814135,306.973059,255.5572788,18.12871094,20.2,74.68262472,84.34965578
61,0403-0026-DO1,0403_0026_VRI,40,TSA40_FortSt.John,Poplar,2008-10-10,10,661674,6305857,1343730.58,1333465.255,727,5.06,8.096,142.5807958,50.9434544,44.17303567,20.53076172,19.4,46.5,51.44434896
62,0403-0026-DO1,0403_0026_VRI,40,TSA40_FortSt.John,Poplar,2008-10-10,10,661674,6305857,1343730.58,1333465.255,727,5.06,8.096,142.5807958,50.9434544,44.17303567,20.53076172,19.4,46.5,51.44434896
63,0403-0026-DO1,0403_0026_VRI,40,TSA40_FortSt.John,Poplar,2008-10-10,10,661674,6305857,1343730.58,1333465.255,727,5.06,8.096,142.5807958,50.9434544,44.17303567,20.53076172,19.4,46.5,51.44434896
64,0403-0026-DO1,0403_0026_VRI,40,TSA40_FortSt.John,Poplar,2008-10-10,10,661674,6305857,1343730.58,1333465.255,727,5.06,8.096,142.5807958,50.9434544,44.17303567,20.53076172,19.4,46.5,51.44434896
65,0403-0027-DO1,0403_0027_VRI,40,TSA40_FortSt.John,Poplar,2008-09-27,10,532821,6271798,1216624.74,1294019.739,801,7,49,6430.363347,266.2856619,98.95049229,16.90070313,17.94,52.83576898,57.79089286
66,0403-0027-DO1,0403_0027_VRI,40,TSA40_FortSt.John,Poplar,2008-09-27,10,532821,6271798,1216624.74,1294019.739,801,7,43.4,4158.38328,245.3162587,98.95049229,16.90070313,17.94,52.83576898,57.79089286
67,0403-0027-DO1,0403_0027_VRI,40,TSA40_FortSt.John,Poplar,2008-09-27,10,532821,6271798,1216624.74,1294019.739,801,7,19.6,984.1889064,123.1486487,84.38579929,16.90070313,17.94,52.83576898,57.79089286
68,0403-0027-DO1,0403_0027_VRI,40,TSA40_FortSt.John,Poplar,2008-09-27,10,532821,6271798,1216624.74,1294019.739,801,7,7,221.8190114,47.59798285,38.72073911,16.90070313,17.94,52.83576898,57.79089286
69,0403-0029-DO1,0403_0029_VRI,40,TSA40_FortSt.John,Poplar,2008-10-10,10,541732,6295169,1224527.249,1317798.678,876,9,32.4,1222.546732,289.1396773,238.4240628,16.06017578,23.7,99.34566284,104.0309754
70,0403-0029-DO1,0403_0029_VRI,40,TSA40_FortSt.John,Poplar,2008-10-10,10,541732,6295169,1224527.249,1317798.678,876,9,30.6,541.2651565,283.8941457,238.4240628,16.06017578,23.7,99.34566284,104.0309754
71,0403-0029-DO1,0403_0029_VRI,40,TSA40_FortSt.John,Poplar,2008-10-10,10,541732,6295169,1224527.249,1317798.678,876,9,30.6,541.2651565,283.8941457,238.4240628,16.06017578,23.7,99.34566284,104.0309754
72,0403-0029-DO1,0403_0029_VRI,40,TSA40_FortSt.John,Poplar,2008-10-10,10,541732,6295169,1224527.249,1317798.678,876,9,28.8,433.7482105,270.1690513,229.271118,16.06017578,23.7,99.34566284,104.0309754
73,0403-0030-DO1,0403_0030_VRI,40,TSA40_FortSt.John,Poplar,2008-10-05,10,523128,6304756,1205561.826,1326616.798,997,5.06,9.108,335.2247905,62.88823336,49.39784806,17.61181641,16.5,45,48.52043913
74,0403-0030-DO1,0403_0030_VRI,40,TSA40_FortSt.John,Poplar,2008-10-05,10,523128,6304756,1205561.826,1326616.798,997,5.06,9.108,335.2247905,62.88823336,49.39784806,17.61181641,16.5,45,48.52043913
75,0403-0030-DO1,0403_0030_VRI,40,TSA40_FortSt.John,Poplar,2008-10-05,10,523128,6304756,1205561.826,1326616.798,997,5.06,9.108,335.2247905,62.88823336,49.39784806,17.61181641,16.5,45,48.52043913
76,0403-0030-DO1,0403_0030_VRI,40,TSA40_FortSt.John,Poplar,2008-10-05,10,523128,6304756,1205561.826,1326616.798,997,5.06,7.084,221.4946112,50.00332601,40.7421042,17.61181641,16.5,45,48.52043913
77,0403-0031-DO1,0403_0031_VRI,40,TSA40_FortSt.John,Poplar,2008-10-04,10,509075,6349227,1189656.433,1370545.853,947,7,30.8,3613.310614,143.2894432,69.23245679,12.66003906,13.82,62.83517763,67.27553981
78,0403-0031-DO1,0403_0031_VRI,40,TSA40_FortSt.John,Poplar,2008-10-04,10,509075,6349227,1189656.433,1370545.853,947,7,28,1999.426148,137.1680972,69.23245679,12.66003906,13.82,62.83517763,67.27553981
79,0403-0031-DO1,0403_0031_VRI,40,TSA40_FortSt.John,Poplar,2008-10-04,10,509075,6349227,1189656.433,1370545.853,947,7,18.2,853.4986794,94.55909477,64.98726618,12.66003906,13.82,62.83517763,67.27553981
80,0403-0031-DO1,0403_0031_VRI,40,TSA40_FortSt.John,Poplar,2008-10-04,10,509075,6349227,1189656.433,1370545.853,947,7,7,163.7678297,41.259854,34.13164153,12.66003906,13.82,62.83517763,67.27553981
81,0403-0033-DO1,0403_0033_VRI,40,TSA40_FortSt.John,Poplar,2008-10-08,10,471556,6368450,1151390.089,1388193.733,1320,9,21.6,841.4409369,130.986579,93.35781187,9.96003418,13.425,73.66666667,77.10810891
82,0403-0033-DO1,0403_0033_VRI,40,TSA40_FortSt.John,Poplar,2008-10-08,10,471556,6368450,1151390.089,1388193.733,1320,9,21.6,841.4409369,130.986579,93.35781187,9.96003418,13.425,73.66666667,77.10810891
83,0403-0033-DO1,0403_0033_VRI,40,TSA40_FortSt.John,Poplar,2008-10-08,10,471556,6368450,1151390.089,1388193.733,1320,9,21.6,841.4409369,130.986579,93.35781187,9.96003418,13.425,73.66666667,77.10810891
84,0403-0033-DO1,0403_0033_VRI,40,TSA40_FortSt.John,Poplar,2008-10-08,10,471556,6368450,1151390.089,1388193.733,1320,9,12.6,339.0114701,83.6463088,65.39094632,12.93427734,14.7,73.66666667,77.10810891
85,0403-0034-DO1,0403_0034_VRI,40,TSA40_FortSt.John,Spruce,2008-09-28,10,537714,6382340,1216845.852,1404890.808,889,5,1,12.204081,6.761240253,5.710180713,12.93427734,14.7,8,17.22978231
86,0403-0034-DO1,0403_0034_VRI,40,TSA40_FortSt.John,Spruce,2008-09-28,10,537714,6382340,1216845.852,1404890.808,889,5,1,12.204081,6.761240253,5.710180713,12.93427734,14.7,8,17.22978231
87,0403-0034-DO1,0403_0034_VRI,40,TSA40_FortSt.John,Spruce,2008-09-28,10,537714,6382340,1216845.852,1404890.808,889,5,1,12.204081,6.761240253,5.710180713,12.93427734,14.7,8,17.22978231
88,0403-0034-DO1,0403_0034_VRI,40,TSA40_FortSt.John,Spruce,2008-09-28,10,537714,6382340,1216845.852,1404890.808,889,5,1,12.204081,6.761240253,5.710180713,12.93427734,14.7,8,17.22978231
89,0403-0035-DO1,0403_0035_VRI,40,TSA40_FortSt.John,Other,2008-10-06,10,546175,6390595,1224946.348,1413505.19,870,5,14,1115.371512,65.44505525,40.01927438,11.21025391,14.7,76.66666667,81.60039805
90,0403-0035-DO1,0403_0035_VRI,40,TSA40_FortSt.John,Other,2008-10-06,10,546175,6390595,1224946.348,1413505.19,870,5,13,662.1000395,64.39526795,40.01927438,11.21025391,14.7,76.66666667,81.60039805
91,0403-0035-DO1,0403_0035_VRI,40,TSA40_FortSt.John,Other,2008-10-06,10,546175,6390595,1224946.348,1413505.19,870,5,12,579.2930958,58.64338145,37.97077087,11.21025391,14.7,76.66666667,81.60039805
92,0403-0035-DO1,0403_0035_VRI,40,TSA40_FortSt.John,Other,2008-10-06,10,546175,6390595,1224946.348,1413505.19,870,5,5,126.1413444,28.5106409,21.40970592,11.21025391,14.7,76.66666667,81.60039805
93,0403-0038-DO1,0403_0038_VRI,40,TSA40_FortSt.John,Poplar,2008-10-06,10,545399,6402934,1223653.735,1425817.966,586,12,74.4,2180.654683,709.8194198,566.7073942,23.07563477,27.4,87.8,92.35056473
94,0403-0038-DO1,0403_0038_VRI,40,TSA40_FortSt.John,Poplar,2008-10-06,10,545399,6402934,1223653.735,1425817.966,586,12,74.4,2180.654683,709.8194198,566.7073942,23.07563477,27.4,87.8,92.35056473
95,0403-0038-DO1,0403_0038_VRI,40,TSA40_FortSt.John,Poplar,2008-10-06,10,545399,6402934,1223653.735,1425817.966,586,12,69.6,1615.361297,685.1615482,561.9199363,23.07563477,27.4,87.8,92.35056473
96,0403-0038-DO1,0403_0038_VRI,40,TSA40_FortSt.John,Poplar,2008-10-06,10,545399,6402934,1223653.735,1425817.966,586,12,57.6,917.1721912,604.6101581,511.1632819,23.07563477,27.4,87.8,92.35056473
97,0403-0040-DO1,0403_0040_VRI,40,TSA40_FortSt.John,Spruce,2008-09-28,10,540288,6421930,1217752.453,1444606.607,947,12.25,39.2,1156.22458,285.6620696,230.4120066,18.34453352,17.7,86.40257574,96.10453251
98,0403-0040-DO1,0403_0040_VRI,40,TSA40_FortSt.John,Spruce,2008-09-28,10,540288,6421930,1217752.453,1444606.607,947,12.25,39.2,1156.22458,285.6620696,230.4120066,18.34453352,17.7,86.40257574,96.10453251
99,0403-0040-DO1,0403_0040_VRI,40,TSA40_FortSt.John,Spruce,2008-09-28,10,540288,6421930,1217752.453,1444606.607,947,12.25,34.3,550.0068531,268.5233677,228.1777976,18.34453352,17.7,86.40257574,96.10453251
100,0403-0040-DO1,0403_0040_VRI,40,TSA40_FortSt.John,Spruce,2008-09-28,10,540288,6421930,1217752.453,1444606.607,947,12.25,31.85,429.6628487,256.9923013,219.8651908,18.34453352,17.7,86.40257574,96.10453251
101,0403-0041-DO1,0403_0041_VRI,40,TSA40_FortSt.John,Pine,2008-09-20,10,574661,6384900,1253624.575,1408994.152,822,9,32.4,750.3434622,319.6108067,272.8524743,14.93783199,23.4,110.2,116.6483067
102,0403-0041-DO1,0403_0041_VRI,40,TSA40_FortSt.John,Pine,2008-09-20,10,574661,6384900,1253624.575,1408994.152,822,9,32.4,750.3434622,319.6108067,272.8524743,14.93783199,23.4,110.2,116.6483067
103,0403-0041-DO1,0403_0041_VRI,40,TSA40_FortSt.John,Pine,2008-09-20,10,574661,6384900,1253624.575,1408994.152,822,9,32.4,750.3434622,319.6108067,272.8524743,14.93783199,23.4,110.2,116.6483067
104,0403-0041-DO1,0403_0041_VRI,40,TSA40_FortSt.John,Pine,2008-09-20,10,574661,6384900,1253624.575,1408994.152,822,9,30.6,610.4611856,303.7227954,263.7151256,14.93783199,23.4,110.2,116.6483067
105,0403-0042-DO1,0403_0042_VRI,40,TSA40_FortSt.John,Poplar,2008-09-23,10,610500,6401912,1288699.821,1427495.186,749,9,50.4,779.5969257,485.1661487,398.2237375,21.46466797,29.12,98.76232367,101.9023652
106,0403-0042-DO1,0403_0042_VRI,40,TSA40_FortSt.John,Poplar,2008-09-23,10,610500,6401912,1288699.821,1427495.186,749,9,50.4,779.5969257,485.1661487,398.2237375,21.46466797,29.12,98.76232367,101.9023652
107,0403-0042-DO1,0403_0042_VRI,40,TSA40_FortSt.John,Poplar,2008-09-23,10,610500,6401912,1288699.821,1427495.186,749,9,48.6,575.6247631,478.6934406,397.4225264,21.46466797,29.12,98.76232367,101.9023652
108,0403-0042-DO1,0403_0042_VRI,40,TSA40_FortSt.John,Poplar,2008-09-23,10,610500,6401912,1288699.821,1427495.186,749,9,48.6,575.6247631,478.6934406,397.4225264,21.46466797,29.12,98.76232367,101.9023652
109,0403-0043-DO1,0403_0043_VRI,40,TSA40_FortSt.John,Poplar,2008-09-21,10,674068,6408978,1351875.16,1437152.424,779,9,16.2,734.4901206,125.6666055,90.25018955,19.70582275,22.25,74.5,77.83381363
110,0403-0043-DO1,0403_0043_VRI,40,TSA40_FortSt.John,Poplar,2008-09-21,10,674068,6408978,1351875.16,1437152.424,779,9,16.2,734.4901206,125.6666055,90.25018955,19.70582275,22.25,74.5,77.83381363
111,0403-0043-DO1,0403_0043_VRI,40,TSA40_FortSt.John,Poplar,2008-09-21,10,674068,6408978,1351875.16,1437152.424,779,9,14.4,376.3914925,118.883896,90.25018955,19.70582275,22.25,74.5,77.83381363
112,0403-0043-DO1,0403_0043_VRI,40,TSA40_FortSt.John,Poplar,2008-09-21,10,674068,6408978,1351875.16,1437152.424,779,9,10.8,102.7646597,100.0424087,82.1863583,19.70582275,22.25,74.5,77.83381363
113,0403-0045-DO1,0403_0045_VRI,40,TSA40_FortSt.John,Poplar,2008-09-14,10,609813,6419050,1287306.735,1444609.79,1220,12.25,24.5,320.0723958,283.6633157,239.0224268,22.42979736,27.025,73.75,76.80711106
114,0403-0045-DO1,0403_0045_VRI,40,TSA40_FortSt.John,Poplar,2008-09-14,10,609813,6419050,1287306.735,1444609.79,1220,12.25,24.5,320.0723958,283.6633157,239.0224268,22.42979736,27.025,73.75,76.80711106
115,0403-0045-DO1,0403_0045_VRI,40,TSA40_FortSt.John,Poplar,2008-09-14,10,609813,6419050,1287306.735,1444609.79,1220,12.25,24.5,320.0723958,283.6633157,239.0224268,22.42979736,27.025,73.75,76.80711106
116,0403-0045-DO1,0403_0045_VRI,40,TSA40_FortSt.John,Poplar,2008-09-14,10,609813,6419050,1287306.735,1444609.79,1220,12.25,24.5,320.0723958,283.6633157,239.0224268,22.42979736,27.025,73.75,76.80711106
117,0403-0046-DO1,0403_0046_VRI,40,TSA40_FortSt.John,Other,2008-09-21,10,623836,6409657,1301696.126,1435789.669,597,5,4,50.73955091,28.01868685,22.39613209,11.33330078,16.2,90,94.82845264
118,0403-0046-DO1,0403_0046_VRI,40,TSA40_FortSt.John,Other,2008-09-21,10,623836,6409657,1301696.126,1435789.669,597,5,4,50.73955091,28.01868685,22.39613209,11.33330078,16.2,90,94.82845264
119,0403-0046-DO1,0403_0046_VRI,40,TSA40_FortSt.John,Other,2008-09-21,10,623836,6409657,1301696.126,1435789.669,597,5,4,50.73955091,28.01868685,22.39613209,11.33330078,16.2,90,94.82845264
120,0403-0046-DO1,0403_0046_VRI,40,TSA40_FortSt.John,Other,2008-09-21,10,623836,6409657,1301696.126,1435789.669,597,5,4,50.73955091,28.01868685,22.39613209,11.33330078,16.2,90,94.82845264
121,0403-0048-DO1,0403_0048_VRI,40,TSA40_FortSt.John,Poplar,2008-09-21,10,638114,6423283,1315394.331,1450001.096,595,9,41.4,906.3120851,463.4292294,374.3381741,23.9043457,30.475,85.80794023,88.75437101
122,0403-0048-DO1,0403_0048_VRI,40,TSA40_FortSt.John,Poplar,2008-09-21,10,638114,6423283,1315394.331,1450001.096,595,9,41.4,906.3120851,463.4292294,374.3381741,23.9043457,30.475,85.80794023,88.75437101
123,0403-0048-DO1,0403_0048_VRI,40,TSA40_FortSt.John,Poplar,2008-09-21,10,638114,6423283,1315394.331,1450001.096,595,9,41.4,906.3120851,463.4292294,374.3381741,23.9043457,30.475,85.80794023,88.75437101
124,0403-0048-DO1,0403_0048_VRI,40,TSA40_FortSt.John,Poplar,2008-09-21,10,638114,6423283,1315394.331,1450001.096,595,9,37.8,689.9057347,440.4897574,360.678017,23.9043457,30.475,85.80794023,88.75437101
125,0403-0049-DO1,0403_0049_VRI,40,TSA40_FortSt.John,Poplar,2008-09-18,10,581840,6443929,1258339.253,1468337.801,497,9,30.6,407.7464431,322.6889215,270.3677984,21.87197266,30.025,106.1897246,110.5902117
126,0403-0049-DO1,0403_0049_VRI,40,TSA40_FortSt.John,Poplar,2008-09-18,10,581840,6443929,1258339.253,1468337.801,497,9,30.6,407.7464431,322.6889215,270.3677984,21.87197266,30.025,106.1897246,110.5902117
127,0403-0049-DO1,0403_0049_VRI,40,TSA40_FortSt.John,Poplar,2008-09-18,10,581840,6443929,1258339.253,1468337.801,497,9,30.6,407.7464431,322.6889215,270.3677984,21.87197266,30.025,106.1897246,110.5902117
128,0403-0049-DO1,0403_0049_VRI,40,TSA40_FortSt.John,Poplar,2008-09-18,10,581840,6443929,1258339.253,1468337.801,497,9,28.8,278.1839342,314.1790598,265.7850183,21.87197266,30.025,106.1897246,110.5902117
129,0403-0051-DO1,0403_0051_VRI,40,TSA40_FortSt.John,Spruce,2008-10-03,10,536216,6236096,1221520.058,1258402.226,1345,7,22.4,3587.051359,74.11552204,26.39976806,16.49239828,9.82,29.6,40.49281304
130,0403-0051-DO1,0403_0051_VRI,40,TSA40_FortSt.John,Spruce,2008-10-03,10,536216,6236096,1221520.058,1258402.226,1345,7,18.2,1872.544184,63.95856724,26.39976806,16.49239828,9.82,29.6,40.49281304
131,0403-0051-DO1,0403_0051_VRI,40,TSA40_FortSt.John,Spruce,2008-10-03,10,536216,6236096,1221520.058,1258402.226,1345,7,7,279.0689078,29.1934911,20.76452689,16.49239828,9.82,29.6,40.49281304
132,0403-0051-DO1,0403_0051_VRI,40,TSA40_FortSt.John,Spruce,2008-10-03,10,536216,6236096,1221520.058,1258402.226,1345,7,5.6,188.1232245,23.9448497,17.81045135,16.49239828,9.82,29.6,40.49281304
133,0403-0052-DO1,0403_0052_VRI,40,TSA40_FortSt.John,Poplar,2008-10-12,10,535920,6354192,1216240.028,1376645.545,938,5,6,97.04080364,32.73411031,28.51913118,19.16666667,17.03333333,43,45
134,0403-0052-DO1,0403_0052_VRI,40,TSA40_FortSt.John,Poplar,2008-10-12,10,535920,6354192,1216240.028,1376645.545,938,5,6,97.04080364,32.73411031,28.51913118,19.16666667,17.03333333,43,45
135,0403-0052-DO1,0403_0052_VRI,40,TSA40_FortSt.John,Poplar,2008-10-12,10,535920,6354192,1216240.028,1376645.545,938,5,6,97.04080364,32.73411031,28.51913118,19.16666667,17.03333333,43,45
136,0403-0052-DO1,0403_0052_VRI,40,TSA40_FortSt.John,Poplar,2008-10-12,10,535920,6354192,1216240.028,1376645.545,938,5,6,97.04080364,32.73411031,28.51913118,19.16666667,17.03333333,43,45
137,0403-0053-DO1,0403_0053_VRI,40,TSA40_FortSt.John,Spruce,2008-09-22,10,592105,6356932,1272202.262,1381729.367,825,5.06,13.156,1539.761401,53.6209783,18.73151858,5.349719238,10.625,140,162.5779551
138,0403-0053-DO1,0403_0053_VRI,40,TSA40_FortSt.John,Spruce,2008-09-22,10,592105,6356932,1272202.262,1381729.367,825,5.06,12.144,1297.967736,50.36847467,18.73151858,5.349719238,10.625,140,162.5779551
139,0403-0053-DO1,0403_0053_VRI,40,TSA40_FortSt.John,Spruce,2008-09-22,10,592105,6356932,1272202.262,1381729.367,825,5.06,5.06,255.836613,24.00775026,16.16796374,5.349719238,10.625,140,162.5779551
140,0403-0053-DO1,0403_0053_VRI,40,TSA40_FortSt.John,Spruce,2008-09-22,10,592105,6356932,1272202.262,1381729.367,825,5.06,2.024,73.81027641,9.401917331,6.793177699,5.349719238,10.625,140,162.5779551
141,0403-0054-DO1,0403_0054_VRI,40,TSA40_FortSt.John,Spruce,2008-10-03,10,588492,6269030,1272269.771,1293574.684,831,7,32.2,551.3828411,284.8084223,245.5155647,21.33304782,23.44,57,66.38533185
142,0403-0054-DO1,0403_0054_VRI,40,TSA40_FortSt.John,Spruce,2008-10-03,10,588492,6269030,1272269.771,1293574.684,831,7,32.2,551.3828411,284.8084223,245.5155647,21.33304782,23.44,57,66.38533185
143,0403-0054-DO1,0403_0054_VRI,40,TSA40_FortSt.John,Spruce,2008-10-03,10,588492,6269030,1272269.771,1293574.684,831,7,32.2,551.3828411,284.8084223,245.5155647,21.33304782,23.44,57,66.38533185
144,0403-0054-DO1,0403_0054_VRI,40,TSA40_FortSt.John,Spruce,2008-10-03,10,588492,6269030,1272269.771,1293574.684,831,7,32.2,551.3828411,284.8084223,245.5155647,21.33304782,23.44,57,66.38533185
145,0403-0055-DO1,0403_0055_VRI,40,TSA40_FortSt.John,Spruce,2008-09-14,10,662905,6284857,1345826.175,1312492.225,734,9,46.8,1408.716373,465.7362972,379.0262983,12.32921143,28.85,168.75,182.4928934
146,0403-0055-DO1,0403_0055_VRI,40,TSA40_FortSt.John,Spruce,2008-09-14,10,662905,6284857,1345826.175,1312492.225,734,9,46.8,1408.716373,465.7362972,379.0262983,12.32921143,28.85,168.75,182.4928934
147,0403-0055-DO1,0403_0055_VRI,40,TSA40_FortSt.John,Spruce,2008-09-14,10,662905,6284857,1345826.175,1312492.225,734,9,43.2,915.5056159,443.6893937,379.0262983,12.32921143,28.85,168.75,182.4928934
148,0403-0055-DO1,0403_0055_VRI,40,TSA40_FortSt.John,Spruce,2008-09-14,10,662905,6284857,1345826.175,1312492.225,734,9,36,578.1120624,384.6694398,335.260313,12.32921143,28.85,168.75,182.4928934
149,0403-0056-DO1,0403_0056_VRI,40,TSA40_FortSt.John,Spruce,2009-10-26,10,520783,6236048,1206131.198,1257704.743,NA,12.25,49,1100.499007,405.8252287,359.0070017,13.7144043,25.175,112,123.7783551
150,0403-0056-DO1,0403_0056_VRI,40,TSA40_FortSt.John,Spruce,2009-10-26,10,520783,6236048,1206131.198,1257704.743,NA,12.25,49,1100.499007,405.8252287,359.0070017,13.7144043,25.175,112,123.7783551
151,0403-0056-DO1,0403_0056_VRI,40,TSA40_FortSt.John,Spruce,2009-10-26,10,520783,6236048,1206131.198,1257704.743,NA,12.25,49,1100.499007,405.8252287,359.0070017,13.7144043,25.175,112,123.7783551
152,0403-0056-DO1,0403_0056_VRI,40,TSA40_FortSt.John,Spruce,2009-10-26,10,520783,6236048,1206131.198,1257704.743,NA,12.25,49,1100.499007,405.8252287,359.0070017,13.7144043,25.175,112,123.7783551
153,0403-0057-DO1,0403_0057_VRI,40,TSA40_FortSt.John,Spruce,2008-10-03,10,553761,6231373,1239216.307,1254407.221,889,6.25,27.5,226.7693275,206.5217669,178.938367,20.02910492,21.15,77.97696426,87.25338968
154,0403-0057-DO1,0403_0057_VRI,40,TSA40_FortSt.John,Spruce,2008-10-03,10,553761,6231373,1239216.307,1254407.221,889,6.25,27.5,226.7693275,206.5217669,178.938367,20.02910492,21.15,77.97696426,87.25338968
155,0403-0057-DO1,0403_0057_VRI,40,TSA40_FortSt.John,Spruce,2008-10-03,10,553761,6231373,1239216.307,1254407.221,889,6.25,27.5,226.7693275,206.5217669,178.938367,20.02910492,21.15,77.97696426,87.25338968
156,0403-0057-DO1,0403_0057_VRI,40,TSA40_FortSt.John,Spruce,2008-10-03,10,553761,6231373,1239216.307,1254407.221,889,6.25,27.5,226.7693275,206.5217669,178.938367,20.02910492,21.15,77.97696426,87.25338968
157,0403-0058-DO1,0403_0058_VRI,40,TSA40_FortSt.John,Spruce,2009-10-25,10,552743,6259637,1237008.885,1282675.571,NA,9,48.6,1628.453992,383.6761255,305.1860741,11.85270996,26.125,139.4,154.3590021
158,0403-0058-DO1,0403_0058_VRI,40,TSA40_FortSt.John,Spruce,2009-10-25,10,552743,6259637,1237008.885,1282675.571,NA,9,48.6,1628.453992,383.6761255,305.1860741,11.85270996,26.125,139.4,154.3590021
159,0403-0058-DO1,0403_0058_VRI,40,TSA40_FortSt.John,Spruce,2009-10-25,10,552743,6259637,1237008.885,1282675.571,NA,9,45,1204.668633,366.0101862,303.3350284,11.85270996,26.125,139.4,154.3590021
160,0403-0058-DO1,0403_0058_VRI,40,TSA40_FortSt.John,Spruce,2009-10-25,10,552743,6259637,1237008.885,1282675.571,NA,9,37.8,829.8821937,320.5576751,271.3117503,11.85270996,26.125,139.4,154.3590021
161,0403-0059-DO1,0403_0059_VRI,40,TSA40_FortSt.John,Spruce,2008-10-05,10,489591,6272645,1173467.691,1293043.521,1234,9,37.8,682.1262504,297.8528742,258.1054272,16.81062826,24.3,82.66666667,93.41504074
162,0403-0059-DO1,0403_0059_VRI,40,TSA40_FortSt.John,Spruce,2008-10-05,10,489591,6272645,1173467.691,1293043.521,1234,9,37.8,682.1262504,297.8528742,258.1054272,16.81062826,24.3,82.66666667,93.41504074
163,0403-0059-DO1,0403_0059_VRI,40,TSA40_FortSt.John,Spruce,2008-10-05,10,489591,6272645,1173467.691,1293043.521,1234,9,37.8,682.1262504,297.8528742,258.1054272,16.81062826,24.3,82.66666667,93.41504074
164,0403-0059-DO1,0403_0059_VRI,40,TSA40_FortSt.John,Spruce,2008-10-05,10,489591,6272645,1173467.691,1293043.521,1234,9,36,552.5637415,288.3391892,252.1358718,16.81062826,24.3,82.66666667,93.41504074
165,0403-0060-DO1,0403_0060_VRI,40,TSA40_FortSt.John,Pine,2008-10-05,10,495374,6267286,1179463.865,1287921.228,1179,7,29.4,856.2040124,274.9256464,234.3353154,15.41155867,22.375,95.36420199,102.4181769
166,0403-0060-DO1,0403_0060_VRI,40,TSA40_FortSt.John,Pine,2008-10-05,10,495374,6267286,1179463.865,1287921.228,1179,7,29.4,856.2040124,274.9256464,234.3353154,15.41155867,22.375,95.36420199,102.4181769
167,0403-0060-DO1,0403_0060_VRI,40,TSA40_FortSt.John,Pine,2008-10-05,10,495374,6267286,1179463.865,1287921.228,1179,7,28,703.3803333,267.7592335,232.7595494,15.41155867,22.375,95.36420199,102.4181769
168,0403-0060-DO1,0403_0060_VRI,40,TSA40_FortSt.John,Pine,2008-10-05,10,495374,6267286,1179463.865,1287921.228,1179,7,25.2,513.4357019,244.0513062,217.0827208,15.41155867,22.375,95.36420199,102.4181769
169,0403-0061-DO1,0403_0061_VRI,40,TSA40_FortSt.John,Pine,2008-10-01,10,462234,6302961,1144884.958,1322239.361,1336,5,19,636.4059332,125.5837846,86.64377086,10.66415591,14.175,75.25,84.32765431
170,0403-0061-DO1,0403_0061_VRI,40,TSA40_FortSt.John,Pine,2008-10-01,10,462234,6302961,1144884.958,1322239.361,1336,5,18,376.5611237,120.8089851,86.64377086,10.66415591,14.175,75.25,84.32765431
171,0403-0061-DO1,0403_0061_VRI,40,TSA40_FortSt.John,Pine,2008-10-01,10,462234,6302961,1144884.958,1322239.361,1336,5,18,376.5611237,120.8089851,86.64377086,10.66415591,14.175,75.25,84.32765431
172,0403-0061-DO1,0403_0061_VRI,40,TSA40_FortSt.John,Pine,2008-10-01,10,462234,6302961,1144884.958,1322239.361,1336,5,17,327.4411219,114.3028584,82.47827442,10.66415591,14.175,75.25,84.32765431
173,0403-0062-DO1,0403_0062_VRI,40,TSA40_FortSt.John,Spruce,2008-10-10,10,505981,6304997,1188443.978,1326134.929,1012,12,36,572.5014878,323.9851105,275.7843878,11.9802063,27.275,172.0364448,187.7118404
174,0403-0062-DO1,0403_0062_VRI,40,TSA40_FortSt.John,Spruce,2008-10-10,10,505981,6304997,1188443.978,1326134.929,1012,12,36,572.5014878,323.9851105,275.7843878,11.9802063,27.275,172.0364448,187.7118404
175,0403-0062-DO1,0403_0062_VRI,40,TSA40_FortSt.John,Spruce,2008-10-10,10,505981,6304997,1188443.978,1326134.929,1012,12,36,572.5014878,323.9851105,275.7843878,11.9802063,27.275,172.0364448,187.7118404
176,0403-0062-DO1,0403_0062_VRI,40,TSA40_FortSt.John,Spruce,2008-10-10,10,505981,6304997,1188443.978,1326134.929,1012,12,33.6,440.23976,309.7484757,266.0769763,11.9802063,27.275,172.0364448,187.7118404
177,0403-0063-DO1,0403_0063_VRI,40,TSA40_FortSt.John,Spruce,2008-10-01,10,448369,6315857,1130500.189,1334559.097,1361,6.25,33.75,837.8296839,173.1740559,142.1688863,8.194799805,13.475,82.8,99.79323762
178,0403-0063-DO1,0403_0063_VRI,40,TSA40_FortSt.John,Spruce,2008-10-01,10,448369,6315857,1130500.189,1334559.097,1361,6.25,33.75,837.8296839,173.1740559,142.1688863,8.194799805,13.475,82.8,99.79323762
179,0403-0063-DO1,0403_0063_VRI,40,TSA40_FortSt.John,Spruce,2008-10-01,10,448369,6315857,1130500.189,1334559.097,1361,6.25,33.75,837.8296839,173.1740559,142.1688863,8.194799805,13.475,82.8,99.79323762
180,0403-0063-DO1,0403_0063_VRI,40,TSA40_FortSt.John,Spruce,2008-10-01,10,448369,6315857,1130500.189,1334559.097,1361,6.25,30,656.6246865,155.6519961,129.7398895,8.194799805,13.475,82.8,99.79323762
181,0403-0064-DO1,0403_0064_VRI,40,TSA40_FortSt.John,Spruce,2008-09-30,10,475925,6334914,1157181.566,1354813.156,1501,5,21,347.4489443,107.3581957,89.71931843,9.606575521,12.03333333,73.52534283,88.87340047
182,0403-0064-DO1,0403_0064_VRI,40,TSA40_FortSt.John,Spruce,2008-09-30,10,475925,6334914,1157181.566,1354813.156,1501,5,21,347.4489443,107.3581957,89.71931843,9.606575521,12.03333333,73.52534283,88.87340047
183,0403-0064-DO1,0403_0064_VRI,40,TSA40_FortSt.John,Spruce,2008-09-30,10,475925,6334914,1157181.566,1354813.156,1501,5,21,347.4489443,107.3581957,89.71931843,9.606575521,12.03333333,73.52534283,88.87340047
184,0403-0064-DO1,0403_0064_VRI,40,TSA40_FortSt.John,Spruce,2008-09-30,10,475925,6334914,1157181.566,1354813.156,1501,5,19,249.2089407,99.21771666,83.99278107,9.606575521,12.03333333,73.52534283,88.87340047
185,0403-0065-DO1,0403_0065_VRI,40,TSA40_FortSt.John,Spruce,2008-09-30,10,490882,6340515,1171869.321,1361055.318,1395,9,21.6,356.9294443,130.7254345,105.1573431,10.99203125,15.16,71.6,86.02513754
186,0403-0065-DO1,0403_0065_VRI,40,TSA40_FortSt.John,Spruce,2008-09-30,10,490882,6340515,1171869.321,1361055.318,1395,9,21.6,356.9294443,130.7254345,105.1573431,10.99203125,15.16,71.6,86.02513754
187,0403-0065-DO1,0403_0065_VRI,40,TSA40_FortSt.John,Spruce,2008-09-30,10,490882,6340515,1171869.321,1361055.318,1395,9,21.6,356.9294443,130.7254345,105.1573431,10.99203125,15.16,71.6,86.02513754
188,0403-0065-DO1,0403_0065_VRI,40,TSA40_FortSt.John,Spruce,2008-09-30,10,490882,6340515,1171869.321,1361055.318,1395,9,21.6,356.9294443,130.7254345,105.1573431,10.99203125,15.16,71.6,86.02513754
189,0403-0066-DO1,0403_0066_VRI,40,TSA40_FortSt.John,Spruce,2008-10-06,10,519914,6399113,1198366.797,1420925.397,669,5.06,20.24,1643.079057,110.0039691,68.3464616,11.90108836,12.42,52.6,66.80478902
190,0403-0066-DO1,0403_0066_VRI,40,TSA40_FortSt.John,Spruce,2008-10-06,10,519914,6399113,1198366.797,1420925.397,669,5.06,19.228,1380.11611,106.7489302,68.3464616,11.90108836,12.42,52.6,66.80478902
191,0403-0066-DO1,0403_0066_VRI,40,TSA40_FortSt.John,Spruce,2008-10-06,10,519914,6399113,1198366.797,1420925.397,669,5.06,12.144,361.2105143,79.37085469,65.33774322,11.90108836,12.42,52.6,66.80478902
192,0403-0066-DO1,0403_0066_VRI,40,TSA40_FortSt.John,Spruce,2008-10-06,10,519914,6399113,1198366.797,1420925.397,669,5.06,10.12,273.079572,68.84775397,57.35834712,11.90108836,12.42,52.6,66.80478902
193,0403-0067-QO1,0403_0067_VRI,40,TSA40_FortSt.John,Spruce,2009-11-04,10,547788,6403616,1226010.676,1426600.173,482,12,52.8,646.865981,555.1237115,491.215926,18.69342773,33.6,136.6,146.7660705
194,0403-0067-QO1,0403_0067_VRI,40,TSA40_FortSt.John,Spruce,2009-11-04,10,547788,6403616,1226010.676,1426600.173,482,12,52.8,646.865981,555.1237115,491.215926,18.69342773,33.6,136.6,146.7660705
195,0403-0067-QO1,0403_0067_VRI,40,TSA40_FortSt.John,Spruce,2009-11-04,10,547788,6403616,1226010.676,1426600.173,482,12,52.8,646.865981,555.1237115,491.215926,18.69342773,33.6,136.6,146.7660705
196,0403-0067-QO1,0403_0067_VRI,40,TSA40_FortSt.John,Spruce,2009-11-04,10,547788,6403616,1226010.676,1426600.173,482,12,52.8,646.865981,555.1237115,491.215926,18.69342773,33.6,136.6,146.7660705
197,0403-0068-QO1,0403_0068_VRI,40,TSA40_FortSt.John,Spruce,2009-11-04,10,581668,6404115,1259820.393,1428509.316,545,9,30.6,884.0891497,289.6058385,238.4819425,12.46690674,25.05,133.2,147.528682
198,0403-0068-QO1,0403_0068_VRI,40,TSA40_FortSt.John,Spruce,2009-11-04,10,581668,6404115,1259820.393,1428509.316,545,9,30.6,884.0891497,289.6058385,238.4819425,12.46690674,25.05,133.2,147.528682
199,0403-0068-QO1,0403_0068_VRI,40,TSA40_FortSt.John,Spruce,2009-11-04,10,581668,6404115,1259820.393,1428509.316,545,9,28.8,724.9342039,279.0718319,234.2716885,12.46690674,25.05,133.2,147.528682
200,0403-0068-QO1,0403_0068_VRI,40,TSA40_FortSt.John,Spruce,2009-11-04,10,581668,6404115,1259820.393,1428509.316,545,9,25.2,525.2234035,254.2559902,217.2403511,12.46690674,25.05,133.2,147.528682
201,0403-0069-DO1,0403_0069_VRI,40,TSA40_FortSt.John,Spruce,2008-09-17,10,652188,6432406,1329076.522,1459696.225,575,6.25,31.25,642.6543498,263.4874066,220.6839481,19.17529297,23.725,66.75,76.71391761
202,0403-0069-DO1,0403_0069_VRI,40,TSA40_FortSt.John,Spruce,2008-09-17,10,652188,6432406,1329076.522,1459696.225,575,6.25,31.25,642.6543498,263.4874066,220.6839481,19.17529297,23.725,66.75,76.71391761
203,0403-0069-DO1,0403_0069_VRI,40,TSA40_FortSt.John,Spruce,2008-09-17,10,652188,6432406,1329076.522,1459696.225,575,6.25,30,503.6422563,254.9746661,219.2390347,19.17529297,23.725,66.75,76.71391761
204,0403-0069-DO1,0403_0069_VRI,40,TSA40_FortSt.John,Spruce,2008-09-17,10,652188,6432406,1329076.522,1459696.225,575,6.25,27.5,388.7434793,236.1169659,205.2382618,19.17529297,23.725,66.75,76.71391761
205,0403-0071-DO1,0403_0071_VRI,40,TSA40_FortSt.John,Poplar,2008-09-24,10,584489,6315686,1266323.282,1340126.341,839,5,10,2075.636444,41.99908089,3.314560993,11.92597656,11.925,47,53.98793904
206,0403-0071-DO1,0403_0071_VRI,40,TSA40_FortSt.John,Poplar,2008-09-24,10,584489,6315686,1266323.282,1340126.341,839,5,8,1174.454017,35.35360228,3.314560993,11.92597656,11.925,47,53.98793904
207,0403-0071-DO1,0403_0071_VRI,40,TSA40_FortSt.John,Poplar,2008-09-24,10,584489,6315686,1266323.282,1340126.341,839,5,0,0,0,0,11.92597656,11.925,47,53.98793904
208,0403-0071-DO1,0403_0071_VRI,40,TSA40_FortSt.John,Poplar,2008-09-24,10,584489,6315686,1266323.282,1340126.341,839,5,0,0,0,0,11.92597656,11.925,47,53.98793904
209,0403-0072-DO1,0403_0072_VRI,40,TSA40_FortSt.John,Pine,2009-10-24,10,626116,6315447,1307863.51,1341607.799,NA,6.25,35,4421.228781,255.382955,155.3541691,16.93414748,16.975,50.4,57.07352989
210,0403-0072-DO1,0403_0072_VRI,40,TSA40_FortSt.John,Pine,2009-10-24,10,626116,6315447,1307863.51,1341607.799,NA,6.25,28.75,1884.222823,227.5111711,155.3541691,16.93414748,16.975,50.4,57.07352989
211,0403-0072-DO1,0403_0072_VRI,40,TSA40_FortSt.John,Pine,2009-10-24,10,626116,6315447,1307863.51,1341607.799,NA,6.25,22.5,1082.880142,187.3719671,147.1342554,16.93414748,16.975,50.4,57.07352989
212,0403-0072-DO1,0403_0072_VRI,40,TSA40_FortSt.John,Pine,2009-10-24,10,626116,6315447,1307863.51,1341607.799,NA,6.25,10,350.2878125,85.43602223,72.75795638,16.93414748,16.975,50.4,57.07352989
213,0403-0073-QO1,0403_0073_VRI,40,TSA40_FortSt.John,Spruce,2009-11-06,10,503618,6357360,1183865.123,1378455.732,1122,7,32.2,7143.325384,124.5624094,22.67970907,6.854589844,9.025,70.5,88.85618401
214,0403-0073-QO1,0403_0073_VRI,40,TSA40_FortSt.John,Spruce,2009-11-06,10,503618,6357360,1183865.123,1378455.732,1122,7,22.4,3209.678316,94.41689936,22.67970907,6.854589844,9.025,70.5,88.85618401
215,0403-0073-QO1,0403_0073_VRI,40,TSA40_FortSt.John,Spruce,2009-11-06,10,503618,6357360,1183865.123,1378455.732,1122,7,1.4,81.37944636,7.55611605,5.595520773,6.854589844,9.025,70.5,88.85618401
216,0403-0073-QO1,0403_0073_VRI,40,TSA40_FortSt.John,Spruce,2009-11-06,10,503618,6357360,1183865.123,1378455.732,1122,7,0,0,0,0,6.854589844,9.025,70.5,88.85618401
217,0403-0074-DO1,0403_0074_VRI,40,TSA40_FortSt.John,Pine,2008-09-15,10,634350,6335135,1315262.892,1361653.678,800,6.25,50,6074.892289,416.5527931,171.0297484,18.90345798,18.74,49.4,55.64144772
218,0403-0074-DO1,0403_0074_VRI,40,TSA40_FortSt.John,Pine,2008-09-15,10,634350,6335135,1315262.892,1361653.678,800,6.25,45,4263.579405,386.86238,171.0297484,18.90345798,18.74,49.4,55.64144772
219,0403-0074-DO1,0403_0074_VRI,40,TSA40_FortSt.John,Pine,2008-09-15,10,634350,6335135,1315262.892,1361653.678,800,6.25,21.25,1144.886946,197.0667613,149.8164754,18.90345798,18.74,49.4,55.64144772
220,0403-0074-DO1,0403_0074_VRI,40,TSA40_FortSt.John,Pine,2008-09-15,10,634350,6335135,1315262.892,1361653.678,800,6.25,3.75,120.5570746,36.19885089,31.32762446,18.90345798,18.74,49.4,55.64144772
221,0403-0075-DO1,0403_0075_VRI,40,TSA40_FortSt.John,Pine,2009-10-23,10,657986,6339961,1338646.307,1367450.296,NA,6.25,27.5,2704.332586,171.1884644,74.57537951,13.32497352,13.36,48.66666667,57.35140601
222,0403-0075-DO1,0403_0075_VRI,40,TSA40_FortSt.John,Pine,2009-10-23,10,657986,6339961,1338646.307,1367450.296,NA,6.25,27.5,2704.332586,171.1884644,74.57537951,13.32497352,13.36,48.66666667,57.35140601
223,0403-0075-DO1,0403_0075_VRI,40,TSA40_FortSt.John,Pine,2009-10-23,10,657986,6339961,1338646.307,1367450.296,NA,6.25,10,655.8502391,66.70167807,45.04260556,13.32497352,13.36,48.66666667,57.35140601
224,0403-0075-DO1,0403_0075_VRI,40,TSA40_FortSt.John,Pine,2009-10-23,10,657986,6339961,1338646.307,1367450.296,NA,6.25,0,0,0,0,13.32497352,13.36,48.66666667,57.35140601
225,0403-0076-DO1,0403_0076_VRI,40,TSA40_FortSt.John,Pine,2008-10-07,10,673139,6333429,1354032.172,1361529.851,809,9,46.8,8846.616336,278.4132825,123.6440691,14.58763319,15.6,55.4,62.77063472
226,0403-0076-DO1,0403_0076_VRI,40,TSA40_FortSt.John,Pine,2008-10-07,10,673139,6333429,1354032.172,1361529.851,809,9,34.2,3073.335423,236.3113246,123.6440691,14.58763319,15.6,55.4,62.77063472
227,0403-0076-DO1,0403_0076_VRI,40,TSA40_FortSt.John,Pine,2008-10-07,10,673139,6333429,1354032.172,1361529.851,809,9,14.4,831.1347659,110.2207006,80.61824261,14.58763319,15.6,55.4,62.77063472
228,0403-0076-DO1,0403_0076_VRI,40,TSA40_FortSt.John,Pine,2008-10-07,10,673139,6333429,1354032.172,1361529.851,809,9,3.6,134.6809886,30.82590857,26.19824432,14.58763319,15.6,55.4,62.77063472
229,0403-0077-DO1,0403_0077_VRI,40,TSA40_FortSt.John,Pine,2008-10-07,10,673912,6335196,1354730.814,1363329.658,840,9,43.2,3945.034672,349.755043,204.1209297,19.15308593,19.74,52.43415876,58.0887362
230,0403-0077-DO1,0403_0077_VRI,40,TSA40_FortSt.John,Pine,2008-10-07,10,673912,6335196,1354730.814,1363329.658,840,9,41.4,3129.146021,344.3868022,204.1209297,19.15308593,19.74,52.43415876,58.0887362
231,0403-0077-DO1,0403_0077_VRI,40,TSA40_FortSt.John,Pine,2008-10-07,10,673912,6335196,1354730.814,1363329.658,840,9,25.2,1192.621934,224.0214361,172.658232,19.15308593,19.74,52.43415876,58.0887362
232,0403-0077-DO1,0403_0077_VRI,40,TSA40_FortSt.John,Pine,2008-10-07,10,673912,6335196,1354730.814,1363329.658,840,9,10.8,319.3232655,100.5056248,84.55507706,22.42148438,22.8,52.43415876,58.0887362
233,0403-0078-DO1,0403_0078_VRI,40,TSA40_FortSt.John,Pine,2008-09-22,10,619949,6359670,1299877.733,1385617.816,899,7,22.4,4019.228081,108.6765881,51.29710039,12.38934936,10.28,46,54.5601578
234,0403-0078-DO1,0403_0078_VRI,40,TSA40_FortSt.John,Pine,2008-09-22,10,619949,6359670,1299877.733,1385617.816,899,7,18.2,1662.204635,93.88086085,51.29710039,12.38934936,10.28,46,54.5601578
235,0403-0078-DO1,0403_0078_VRI,40,TSA40_FortSt.John,Pine,2008-09-22,10,619949,6359670,1299877.733,1385617.816,899,7,9.8,394.0679642,58.58153195,47.90129156,12.38934936,10.28,46,54.5601578
236,0403-0078-DO1,0403_0078_VRI,40,TSA40_FortSt.John,Pine,2008-09-22,10,619949,6359670,1299877.733,1385617.816,899,7,7,236.7004069,43.15116348,36.41190061,12.38934936,10.28,46,54.5601578
237,0403-0079-DO1,0403_0079_VRI,40,TSA40_FortSt.John,Pine,2008-09-22,10,637348,6361339,1317172.814,1388001.416,883,7,25.2,2115.571904,163.8676351,113.3057566,9.084747348,14.925,100.6857637,110.9089338
238,0403-0079-DO1,0403_0079_VRI,40,TSA40_FortSt.John,Pine,2008-09-22,10,637348,6361339,1317172.814,1388001.416,883,7,23.8,1430.244956,160.0529998,113.3057566,9.084747348,14.925,100.6857637,110.9089338
239,0403-0079-DO1,0403_0079_VRI,40,TSA40_FortSt.John,Pine,2008-09-22,10,637348,6361339,1317172.814,1388001.416,883,7,22.4,1300.02833,150.9921175,109.545315,9.084747348,14.925,100.6857637,110.9089338
240,0403-0079-DO1,0403_0079_VRI,40,TSA40_FortSt.John,Pine,2008-09-22,10,637348,6361339,1317172.814,1388001.416,883,7,1.4,57.54569322,10.55660721,8.828371409,9.084747348,14.925,100.6857637,110.9089338
241,0403-0080-DO1,0403_0080_VRI,40,TSA40_FortSt.John,Pine,2008-09-18,10,598391,6385199,1277302.237,1410275.711,789,7,16.8,683.3233169,136.345457,107.7180886,15.47673604,20.05,75.35430302,82.63049499
242,0403-0080-DO1,0403_0080_VRI,40,TSA40_FortSt.John,Pine,2008-09-18,10,598391,6385199,1277302.237,1410275.711,789,7,16.8,683.3233169,136.345457,107.7180886,15.47673604,20.05,75.35430302,82.63049499
243,0403-0080-DO1,0403_0080_VRI,40,TSA40_FortSt.John,Pine,2008-09-18,10,598391,6385199,1277302.237,1410275.711,789,7,15.4,559.5361368,126.8879274,103.3167973,15.47673604,20.05,75.35430302,82.63049499
244,0403-0080-DO1,0403_0080_VRI,40,TSA40_FortSt.John,Pine,2008-09-18,10,598391,6385199,1277302.237,1410275.711,789,7,9.8,240.8561968,87.51993381,74.89371967,15.47673604,20.05,75.35430302,82.63049499
245,0403-0081-QO1,0403_0081_VRI,40,TSA40_FortSt.John,Pine,2009-11-03,10,506419,6251595,1191146.532,1272672.104,1053,12,45.6,2926.757914,426.1859464,343.0016112,16.42425924,21.36,78.4,85.19723133
246,0403-0081-QO1,0403_0081_VRI,40,TSA40_FortSt.John,Pine,2009-11-03,10,506419,6251595,1191146.532,1272672.104,1053,12,43.2,1751.911717,420.0425205,343.0016112,16.42425924,21.36,78.4,85.19723133
247,0403-0081-QO1,0403_0081_VRI,40,TSA40_FortSt.John,Pine,2009-11-03,10,506419,6251595,1191146.532,1272672.104,1053,12,40.8,1532.450717,400.0022182,334.335557,16.42425924,21.36,78.4,85.19723133
248,0403-0081-QO1,0403_0081_VRI,40,TSA40_FortSt.John,Pine,2009-11-03,10,506419,6251595,1191146.532,1272672.104,1053,12,26.4,784.8965876,264.3018103,228.9404367,16.42425924,21.36,78.4,85.19723133
249,0403-0082-DO1,0403_0082_VRI,40,TSA40_FortSt.John,Spruce,2008-10-11,10,494342,6287672,1177568.035,1308293.924,1229,12,39,588.541659,358.0271637,280.5692382,8.675268555,26.325,200.5,218.7469914
250,0403-0082-DO1,0403_0082_VRI,40,TSA40_FortSt.John,Spruce,2008-10-11,10,494342,6287672,1177568.035,1308293.924,1229,12,39,588.541659,358.0271637,280.5692382,8.675268555,26.325,200.5,218.7469914
251,0403-0082-DO1,0403_0082_VRI,40,TSA40_FortSt.John,Spruce,2008-10-11,10,494342,6287672,1177568.035,1308293.924,1229,12,39,588.541659,358.0271637,280.5692382,8.675268555,26.325,200.5,218.7469914
252,0403-0082-DO1,0403_0082_VRI,40,TSA40_FortSt.John,Spruce,2008-10-11,10,494342,6287672,1177568.035,1308293.924,1229,12,36,406.8665722,341.5968604,271.1325809,8.675268555,26.325,200.5,218.7469914
253,0403-0083-QO1,0403_0083_VRI,40,TSA40_FortSt.John,Pine,2009-11-09,10,503846,6294673,1186751.954,1315706.843,1271,9,1.8,815.8886506,3.414086901,0,14.59133644,4.3,11.4,18.7152702
254,0403-0083-QO1,0403_0083_VRI,40,TSA40_FortSt.John,Pine,2009-11-09,10,503846,6294673,1186751.954,1315706.843,1271,9,0,0,0,0,14.59133644,4.3,11.4,18.7152702
255,0403-0083-QO1,0403_0083_VRI,40,TSA40_FortSt.John,Pine,2009-11-09,10,503846,6294673,1186751.954,1315706.843,1271,9,0,0,0,0,14.59133644,4.3,11.4,18.7152702
256,0403-0083-QO1,0403_0083_VRI,40,TSA40_FortSt.John,Pine,2009-11-09,10,503846,6294673,1186751.954,1315706.843,1271,9,0,0,0,0,14.59133644,4.3,11.4,18.7152702
257,0403-0084-DO1,0403_0084_VRI,40,TSA40_FortSt.John,Pine,2009-10-22,10,463307,6306923,1145786.174,1326252.17,NA,5.06,18.216,462.2883175,150.4724685,104.9469993,12.10948758,17.95,103,111.5277157
258,0403-0084-DO1,0403_0084_VRI,40,TSA40_FortSt.John,Pine,2009-10-22,10,463307,6306923,1145786.174,1326252.17,NA,5.06,18.216,462.2883175,150.4724685,104.9469993,12.10948758,17.95,103,111.5277157
259,0403-0084-DO1,0403_0084_VRI,40,TSA40_FortSt.John,Pine,2009-10-22,10,463307,6306923,1145786.174,1326252.17,NA,5.06,17.204,366.5304072,144.9997898,103.0408958,12.10948758,17.95,103,111.5277157
260,0403-0084-DO1,0403_0084_VRI,40,TSA40_FortSt.John,Pine,2009-10-22,10,463307,6306923,1145786.174,1326252.17,NA,5.06,16.192,318.0333452,140.436605,99.81783216,12.10948758,17.95,103,111.5277157
261,0403-0085-DO1,0403_0085_VRI,40,TSA40_FortSt.John,Pine,2009-10-22,10,463415,6307118,1145885.593,1326452.021,NA,5.06,29.348,678.10002,214.9801645,159.2117555,12.89754265,16.75,73,80.88455683
262,0403-0085-DO1,0403_0085_VRI,40,TSA40_FortSt.John,Pine,2009-10-22,10,463415,6307118,1145885.593,1326452.021,NA,5.06,29.348,678.10002,214.9801645,159.2117555,12.89754265,16.75,73,80.88455683
263,0403-0085-DO1,0403_0085_VRI,40,TSA40_FortSt.John,Pine,2009-10-22,10,463415,6307118,1145885.593,1326452.021,NA,5.06,29.348,678.10002,214.9801645,159.2117555,12.89754265,16.75,73,80.88455683
264,0403-0085-DO1,0403_0085_VRI,40,TSA40_FortSt.John,Pine,2009-10-22,10,463415,6307118,1145885.593,1326452.021,NA,5.06,25.3,483.4759211,188.3002747,141.4738466,12.89754265,16.75,73,80.88455683
265,0403-0087-DO1,0403_0087_VRI,40,TSA40_FortSt.John,Pine,2008-10-09,10,539208,6325420,1220733.674,1347981.871,945,5,10,943.1237848,54.93327327,35.72146314,10.83109447,14.6,72.5,83.86046918
266,0403-0087-DO1,0403_0087_VRI,40,TSA40_FortSt.John,Pine,2008-10-09,10,539208,6325420,1220733.674,1347981.871,945,5,8,379.3833061,47.78134565,35.72146314,10.83109447,14.6,72.5,83.86046918
267,0403-0087-DO1,0403_0087_VRI,40,TSA40_FortSt.John,Pine,2008-10-09,10,539208,6325420,1220733.674,1347981.871,945,5,6,187.1929201,39.06499016,32.94598766,10.83109447,14.6,72.5,83.86046918
268,0403-0087-DO1,0403_0087_VRI,40,TSA40_FortSt.John,Pine,2008-10-09,10,539208,6325420,1220733.674,1347981.871,945,5,4,86.02663002,27.97698525,24.61323854,10.83109447,14.6,72.5,83.86046918
269,0403-0088-DO1,0403_0088_VRI,40,TSA40_FortSt.John,Pine,2008-10-08,10,467537,6335482,1148786.828,1355024.528,1103,7,30.8,1678.022353,237.5833918,142.2523236,9.974108921,15.66,95.6,105.1401459
270,0403-0088-DO1,0403_0088_VRI,40,TSA40_FortSt.John,Pine,2008-10-08,10,467537,6335482,1148786.828,1355024.528,1103,7,30.8,1678.022353,237.5833918,142.2523236,9.974108921,15.66,95.6,105.1401459
271,0403-0088-DO1,0403_0088_VRI,40,TSA40_FortSt.John,Pine,2008-10-08,10,467537,6335482,1148786.828,1355024.528,1103,7,25.2,1082.682877,202.3264503,133.3363679,9.974108921,15.66,95.6,105.1401459
272,0403-0088-DO1,0403_0088_VRI,40,TSA40_FortSt.John,Pine,2008-10-08,10,467537,6335482,1148786.828,1355024.528,1103,7,9.8,340.946313,82.13861219,56.020333,9.974108921,15.66,95.6,105.1401459
273,0403-0089-DO1,0403_0089_VRI,40,TSA40_FortSt.John,Spruce,2008-10-09,10,540491,6332074,1221733.597,1354697.113,981,7,21,2772.042531,117.431156,71.89894399,8.190795898,14.3,113.4,132.3425549
274,0403-0089-DO1,0403_0089_VRI,40,TSA40_FortSt.John,Spruce,2008-10-09,10,540491,6332074,1221733.597,1354697.113,981,7,15.4,799.9867075,98.29925682,71.89894399,8.190795898,14.3,113.4,132.3425549
275,0403-0089-DO1,0403_0089_VRI,40,TSA40_FortSt.John,Spruce,2008-10-09,10,540491,6332074,1221733.597,1354697.113,981,7,12.6,411.8995527,85.82050133,71.37419383,8.190795898,14.3,113.4,132.3425549
276,0403-0089-DO1,0403_0089_VRI,40,TSA40_FortSt.John,Spruce,2008-10-09,10,540491,6332074,1221733.597,1354697.113,981,7,9.8,267.3151234,68.76341368,59.26101772,8.190795898,14.3,113.4,132.3425549
277,0403-0090-QO1,0403_0090_VRI,40,TSA40_FortSt.John,Pine,2009-11-08,10,535453,6350310,1215937.485,1372740.354,1083,9,46.8,4681.586209,294.894005,192.1667866,11.5666329,18.13333333,96.8,105.6453454
278,0403-0090-QO1,0403_0090_VRI,40,TSA40_FortSt.John,Pine,2009-11-08,10,535453,6350310,1215937.485,1372740.354,1083,9,43.2,2758.683384,284.9794085,192.1667866,11.5666329,18.13333333,96.8,105.6453454
279,0403-0090-QO1,0403_0090_VRI,40,TSA40_FortSt.John,Pine,2009-11-08,10,535453,6350310,1215937.485,1372740.354,1083,9,32.4,1522.678749,226.2159491,178.3474276,11.5666329,18.13333333,96.8,105.6453454
280,0403-0090-QO1,0403_0090_VRI,40,TSA40_FortSt.John,Pine,2009-11-08,10,535453,6350310,1215937.485,1372740.354,1083,9,12.6,375.4489335,95.2820046,82.66545387,11.5666329,18.13333333,96.8,105.6453454
281,0403-0091-DO1,0403_0091_VRI,40,TSA40_FortSt.John,Spruce,2008-10-02,10,554174,6354932,1234428.064,1378150.457,940,7,23.8,1492.413216,173.2881287,141.8827008,9.807216797,19.08,125,142.2759288
282,0403-0091-DO1,0403_0091_VRI,40,TSA40_FortSt.John,Spruce,2008-10-02,10,554174,6354932,1234428.064,1378150.457,940,7,22.4,749.9994744,170.2476686,141.8827008,9.807216797,19.08,125,142.2759288
283,0403-0091-DO1,0403_0091_VRI,40,TSA40_FortSt.John,Spruce,2008-10-02,10,554174,6354932,1234428.064,1378150.457,940,7,22.4,749.9994744,170.2476686,141.8827008,9.807216797,19.08,125,142.2759288
284,0403-0091-DO1,0403_0091_VRI,40,TSA40_FortSt.John,Spruce,2008-10-02,10,554174,6354932,1234428.064,1378150.457,940,7,16.8,462.0223072,133.6815722,114.7491927,9.807216797,19.08,125,142.2759288
285,0403-0092-QO1,0403_0092_VRI,40,TSA40_FortSt.John,Spruce,2009-11-04,10,514226,6397349,1192761.78,1418920.763,772,9,41.4,2968.632383,274.2015283,170.5497521,11.02060547,20.1,105.25,119.6410111
286,0403-0092-QO1,0403_0092_VRI,40,TSA40_FortSt.John,Spruce,2009-11-04,10,514226,6397349,1192761.78,1418920.763,772,9,41.4,2968.632383,274.2015283,170.5497521,11.02060547,20.1,105.25,119.6410111
287,0403-0092-QO1,0403_0092_VRI,40,TSA40_FortSt.John,Spruce,2009-11-04,10,514226,6397349,1192761.78,1418920.763,772,9,32.4,1452.289109,230.3590847,170.0270095,11.02060547,20.1,105.25,119.6410111
288,0403-0092-QO1,0403_0092_VRI,40,TSA40_FortSt.John,Spruce,2009-11-04,10,514226,6397349,1192761.78,1418920.763,772,9,14.4,365.0451326,112.3213903,91.27179651,11.02060547,20.1,105.25,119.6410111
289,0403-0093-DO1,0403_0093_VRI,40,TSA40_FortSt.John,Pine,2009-10-27,10,586536,6338839,1267398.642,1363389.264,NA,5.06,15.18,486.8763148,137.8890934,122.4350302,11.88934661,21.725,134.75,143.1838352
290,0403-0093-DO1,0403_0093_VRI,40,TSA40_FortSt.John,Pine,2009-10-27,10,586536,6338839,1267398.642,1363389.264,NA,5.06,15.18,486.8763148,137.8890934,122.4350302,11.88934661,21.725,134.75,143.1838352
291,0403-0093-DO1,0403_0093_VRI,40,TSA40_FortSt.John,Pine,2009-10-27,10,586536,6338839,1267398.642,1363389.264,NA,5.06,15.18,486.8763148,137.8890934,122.4350302,11.88934661,21.725,134.75,143.1838352
292,0403-0093-DO1,0403_0093_VRI,40,TSA40_FortSt.John,Pine,2009-10-27,10,586536,6338839,1267398.642,1363389.264,NA,5.06,13.156,367.6187424,121.8027926,109.9616071,11.88934661,21.725,134.75,143.1838352
293,0403-0094-DO1,0403_0094_VRI,40,TSA40_FortSt.John,Spruce,2008-09-26,10,564812,6350858,1245216.256,1374516.623,861,7,35,2380.24991,224.5662579,159.6685843,10.48212891,16.325,116.5,133.1176202
294,0403-0094-DO1,0403_0094_VRI,40,TSA40_FortSt.John,Spruce,2008-09-26,10,564812,6350858,1245216.256,1374516.623,861,7,33.6,1931.135425,219.2658556,159.6685843,10.48212891,16.325,116.5,133.1176202
295,0403-0094-DO1,0403_0094_VRI,40,TSA40_FortSt.John,Spruce,2008-09-26,10,564812,6350858,1245216.256,1374516.623,861,7,28,1088.471202,190.4881633,154.9060293,10.48212891,16.325,116.5,133.1176202
296,0403-0094-DO1,0403_0094_VRI,40,TSA40_FortSt.John,Spruce,2008-09-26,10,564812,6350858,1245216.256,1374516.623,861,7,15.4,414.9247416,113.0218306,98.24506886,10.48212891,16.325,116.5,133.1176202
297,0403-0095-DO1,0403_0095_VRI,40,TSA40_FortSt.John,Spruce,2008-10-02,10,579435,6362962,1259305.22,1387239.12,948,9,41.4,5132.728611,219.1388289,89.18650855,10.00382699,13.15,78,92.84455361
298,0403-0095-DO1,0403_0095_VRI,40,TSA40_FortSt.John,Spruce,2008-10-02,10,579435,6362962,1259305.22,1387239.12,948,9,36,3509.163579,198.4616753,89.18650855,10.00382699,13.15,78,92.84455361
299,0403-0095-DO1,0403_0095_VRI,40,TSA40_FortSt.John,Spruce,2008-10-02,10,579435,6362962,1259305.22,1387239.12,948,9,18,1113.073557,111.993751,74.65535475,7.899138391,13.4,78,92.84455361
300,0403-0095-DO1,0403_0095_VRI,40,TSA40_FortSt.John,Spruce,2008-10-02,10,579435,6362962,1259305.22,1387239.12,948,9,1.8,66.96365872,12.97838553,11.04403512,7.899138391,13.4,78,92.84455361
301,0403-0099-DO1,0403_0099_VRI,40,TSA40_FortSt.John,Spruce,2008-09-20,10,659698,6413070,1337362.548,1440663.839,688,5,3,1288.731613,8.052463893,0,6.639140625,6.64,51,71.66305039
302,0403-0099-DO1,0403_0099_VRI,40,TSA40_FortSt.John,Spruce,2008-09-20,10,659698,6413070,1337362.548,1440663.839,688,5,0,0,0,0,6.639140625,6.64,51,71.66305039
303,0403-0099-DO1,0403_0099_VRI,40,TSA40_FortSt.John,Spruce,2008-09-20,10,659698,6413070,1337362.548,1440663.839,688,5,0,0,0,0,6.639140625,6.64,51,71.66305039
304,0403-0099-DO1,0403_0099_VRI,40,TSA40_FortSt.John,Spruce,2008-09-20,10,659698,6413070,1337362.548,1440663.839,688,5,0,0,0,0,6.639140625,6.64,51,71.66305039
305,0403-0100-DO1,0403_0100_VRI,40,TSA40_FortSt.John,Spruce,2008-09-17,10,647099,6420405,1324483.914,1447488.423,663,5,5,1597.97203,14.270666,0,9.4625,7.3,35,53.08548038
306,0403-0100-DO1,0403_0100_VRI,40,TSA40_FortSt.John,Spruce,2008-09-17,10,647099,6420405,1324483.914,1447488.423,663,5,1,147.2123444,2.809446541,0,9.4625,7.3,35,53.08548038
307,0403-0100-DO1,0403_0100_VRI,40,TSA40_FortSt.John,Spruce,2008-09-17,10,647099,6420405,1324483.914,1447488.423,663,5,0,0,0,0,9.4625,7.3,35,53.08548038
308,0403-0100-DO1,0403_0100_VRI,40,TSA40_FortSt.John,Spruce,2008-09-17,10,647099,6420405,1324483.914,1447488.423,663,5,0,0,0,0,9.4625,7.3,35,53.08548038
309,0403-0101-DO1,0403_0101_VRI,40,TSA40_FortSt.John,Spruce,2008-09-19,10,658194,6427357,1335279.476,1454890.739,635,5,3,678.7627081,9.530004336,0,9.268014049,7.12,39,55.26577327
310,0403-0101-DO1,0403_0101_VRI,40,TSA40_FortSt.John,Spruce,2008-09-19,10,658194,6427357,1335279.476,1454890.739,635,5,2,336.5859905,7.470666758,0,9.268014049,7.12,39,55.26577327
311,0403-0101-DO1,0403_0101_VRI,40,TSA40_FortSt.John,Spruce,2008-09-19,10,658194,6427357,1335279.476,1454890.739,635,5,0,0,0,0,9.268014049,7.12,39,55.26577327
312,0403-0101-DO1,0403_0101_VRI,40,TSA40_FortSt.John,Spruce,2008-09-19,10,658194,6427357,1335279.476,1454890.739,635,5,0,0,0,0,9.268014049,7.12,39,55.26577327
313,0403-0106-DO1,0403_0106_VRI,40,TSA40_FortSt.John,Spruce,2008-10-02,10,483009,6303973,1165568.417,1324136.621,1644,5,2,51.71969733,7.321548402,5.57633851,6.706152344,8.6,67,88.61617429
314,0403-0106-DO1,0403_0106_VRI,40,TSA40_FortSt.John,Spruce,2008-10-02,10,483009,6303973,1165568.417,1324136.621,1644,5,2,51.71969733,7.321548402,5.57633851,6.706152344,8.6,67,88.61617429
315,0403-0106-DO1,0403_0106_VRI,40,TSA40_FortSt.John,Spruce,2008-10-02,10,483009,6303973,1165568.417,1324136.621,1644,5,2,51.71969733,7.321548402,5.57633851,6.706152344,8.6,67,88.61617429
316,0403-0106-DO1,0403_0106_VRI,40,TSA40_FortSt.John,Spruce,2008-10-02,10,483009,6303973,1165568.417,1324136.621,1644,5,2,51.71969733,7.321548402,5.57633851,6.706152344,8.6,67,88.61617429
317,0403-0107-DO1,0403_0107_VRI,40,TSA40_FortSt.John,Pine,2008-10-12,10,500093,6326173,1181670.482,1347087.934,1346,7,26.6,2223.01818,138.7690142,90.42261965,4.920375832,11.26,151,167.9599444
318,0403-0107-DO1,0403_0107_VRI,40,TSA40_FortSt.John,Pine,2008-10-12,10,500093,6326173,1181670.482,1347087.934,1346,7,25.2,1869.410683,133.8659538,90.42261965,4.920375832,11.26,151,167.9599444
319,0403-0107-DO1,0403_0107_VRI,40,TSA40_FortSt.John,Pine,2008-10-12,10,500093,6326173,1181670.482,1347087.934,1346,7,18.2,919.2558726,104.0885964,86.82938679,4.920375832,11.26,151,167.9599444
320,0403-0107-DO1,0403_0107_VRI,40,TSA40_FortSt.John,Pine,2008-10-12,10,500093,6326173,1181670.482,1347087.934,1346,7,4.2,128.0768983,28.13333951,25.87413148,4.920375832,11.26,151,167.9599444
321,0403-0108-DO1,0403_0108_VRI,40,TSA40_FortSt.John,Pine,2008-09-29,10,480366,6359262,1160575.821,1379373.376,1220,5,0,0,0,0,4.920375832,11.26,151,167.9599444
322,0403-0108-DO1,0403_0108_VRI,40,TSA40_FortSt.John,Pine,2008-09-29,10,480366,6359262,1160575.821,1379373.376,1220,5,0,0,0,0,4.920375832,11.26,151,167.9599444
323,0403-0108-DO1,0403_0108_VRI,40,TSA40_FortSt.John,Pine,2008-09-29,10,480366,6359262,1160575.821,1379373.376,1220,5,0,0,0,0,4.920375832,11.26,151,167.9599444
324,0403-0108-DO1,0403_0108_VRI,40,TSA40_FortSt.John,Pine,2008-09-29,10,480366,6359262,1160575.821,1379373.376,1220,5,0,0,0,0,4.920375832,11.26,151,167.9599444
325,0403-0109-DO1,0403_0109_VRI,40,TSA40_FortSt.John,Spruce,2008-09-29,10,505224,6354801,1185576.601,1375962.34,1171,5.06,11.132,1548.508037,44.09681096,12.53590859,8.9015625,7.266666667,34.33333333,50.9084124
326,0403-0109-DO1,0403_0109_VRI,40,TSA40_FortSt.John,Spruce,2008-09-29,10,505224,6354801,1185576.601,1375962.34,1171,5.06,10.12,1178.350484,41.09842896,12.53590859,8.9015625,7.266666667,34.33333333,50.9084124
327,0403-0109-DO1,0403_0109_VRI,40,TSA40_FortSt.John,Spruce,2008-09-29,10,505224,6354801,1185576.601,1375962.34,1171,5.06,3.036,163.8699622,15.63910538,11.32879474,13.50383222,5.7,34.33333333,50.9084124
328,0403-0109-DO1,0403_0109_VRI,40,TSA40_FortSt.John,Spruce,2008-09-29,10,505224,6354801,1185576.601,1375962.34,1171,5.06,1.012,28.40085612,7.287366597,6.373288932,13.50383222,5.7,34.33333333,50.9084124
329,0403-0110-DO1,0403_0110_VRI,40,TSA40_FortSt.John,Spruce,2008-10-08,10,499112,6375784,1178585.567,1396703.804,946,6.25,27.5,4737.845899,110.3071098,48.57109094,3.928613281,9.84,122.4,155.0750641
330,0403-0110-DO1,0403_0110_VRI,40,TSA40_FortSt.John,Spruce,2008-10-08,10,499112,6375784,1178585.567,1396703.804,946,6.25,21.25,1740.537073,94.56469668,48.57109094,3.928613281,9.84,122.4,155.0750641
331,0403-0110-DO1,0403_0110_VRI,40,TSA40_FortSt.John,Spruce,2008-10-08,10,499112,6375784,1178585.567,1396703.804,946,6.25,13.75,769.3998661,65.93565032,44.23947197,3.928613281,9.84,122.4,155.0750641
332,0403-0110-DO1,0403_0110_VRI,40,TSA40_FortSt.John,Spruce,2008-10-08,10,499112,6375784,1178585.567,1396703.804,946,6.25,2.5,91.02630662,12.23697181,9.861100565,3.928613281,9.84,122.4,155.0750641
333,0403-0111-DO1,0403_0111_VRI,40,TSA40_FortSt.John,Spruce,2008-10-06,10,548725,6382283,1227841.054,1405294.795,941,7,49,3937.220995,290.3765533,195.417887,8.824394531,17.12,122,140.0157988
334,0403-0111-DO1,0403_0111_VRI,40,TSA40_FortSt.John,Spruce,2008-10-06,10,548725,6382283,1227841.054,1405294.795,941,7,46.2,2647.742785,280.2933156,195.417887,8.824394531,17.12,122,140.0157988
335,0403-0111-DO1,0403_0111_VRI,40,TSA40_FortSt.John,Spruce,2008-10-06,10,548725,6382283,1227841.054,1405294.795,941,7,37.8,1677.689759,242.5002511,190.5278897,8.824394531,17.12,122,140.0157988
336,0403-0111-DO1,0403_0111_VRI,40,TSA40_FortSt.John,Spruce,2008-10-06,10,548725,6382283,1227841.054,1405294.795,941,7,18.2,577.0124887,127.9596422,110.347407,8.824394531,17.12,122,140.0157988
337,0403-0112-DO1,0403_0112_VRI,40,TSA40_FortSt.John,Spruce,2008-10-01,10,647998,6352692,1328156.66,1379783.556,881,5,8,2019.088533,23.12556908,0.941624185,4.475520833,7.9,119.1666667,143.701302
338,0403-0112-DO1,0403_0112_VRI,40,TSA40_FortSt.John,Spruce,2008-10-01,10,647998,6352692,1328156.66,1379783.556,881,5,4,515.8845779,13.42006494,0.941624185,4.475520833,7.9,119.1666667,143.701302
339,0403-0112-DO1,0403_0112_VRI,40,TSA40_FortSt.John,Spruce,2008-10-01,10,647998,6352692,1328156.66,1379783.556,881,5,0,0,0,0,4.475520833,7.9,119.1666667,143.701302
340,0403-0112-DO1,0403_0112_VRI,40,TSA40_FortSt.John,Spruce,2008-10-01,10,647998,6352692,1328156.66,1379783.556,881,5,0,0,0,0,4.475520833,7.9,119.1666667,143.701302
341,0403-0116-DO1,0403_0116_VRI,40,TSA40_FortSt.John,Spruce,2008-09-20,10,569337,6394495,1247908.868,1418373.23,816,9,34.2,2458.907219,219.5430429,134.9484989,10.82806396,17.45,86.6,101.6929791
342,0403-0116-DO1,0403_0116_VRI,40,TSA40_FortSt.John,Spruce,2008-09-20,10,569337,6394495,1247908.868,1418373.23,816,9,32.4,1977.531201,212.0734857,134.9484989,10.82806396,17.45,86.6,101.6929791
343,0403-0116-DO1,0403_0116_VRI,40,TSA40_FortSt.John,Spruce,2008-09-20,10,569337,6394495,1247908.868,1418373.23,816,9,23.4,926.4815159,165.468026,129.1758548,10.82806396,17.45,86.6,101.6929791
344,0403-0116-DO1,0403_0116_VRI,40,TSA40_FortSt.John,Spruce,2008-09-20,10,569337,6394495,1247908.868,1418373.23,816,9,16.2,466.3283786,121.6855398,101.7284046,10.82806396,17.45,86.6,101.6929791
345,0403-0117-DO1,0403_0117_VRI,40,TSA40_FortSt.John,Spruce,2008-09-21,10,630497,6418085,1308001.142,1444491.787,556,7,39.66666667,4583.765407,230.998737,100.9110731,15.08027344,17.5,62.5,77.63046122
346,0403-0117-DO1,0403_0117_VRI,40,TSA40_FortSt.John,Spruce,2008-09-21,10,630497,6418085,1308001.142,1444491.787,556,7,37.33333333,3485.062625,222.3773599,100.9110731,15.08027344,17.5,62.5,77.63046122
347,0403-0117-DO1,0403_0117_VRI,40,TSA40_FortSt.John,Spruce,2008-09-21,10,630497,6418085,1308001.142,1444491.787,556,7,18.66666667,896.0212599,127.7353179,92.04355697,15.08027344,17.5,62.5,77.63046122
348,0403-0117-DO1,0403_0117_VRI,40,TSA40_FortSt.John,Spruce,2008-09-21,10,630497,6418085,1308001.142,1444491.787,556,7,7,183.7391259,55.19959226,46.11683047,15.08027344,17.5,62.5,77.63046122
349,0403-0118-DO1,0403_0118_VRI,40,TSA40_FortSt.John,Spruce,2008-09-19,10,662076,6416979,1339577.675,1444669.547,682,5,32,2265.023479,172.7703047,94.77903174,5.044433594,15.4,170.6,191.9216818
350,0403-0118-DO1,0403_0118_VRI,40,TSA40_FortSt.John,Spruce,2008-09-19,10,662076,6416979,1339577.675,1444669.547,682,5,32,2265.023479,172.7703047,94.77903174,5.044433594,15.4,170.6,191.9216818
351,0403-0118-DO1,0403_0118_VRI,40,TSA40_FortSt.John,Spruce,2008-09-19,10,662076,6416979,1339577.675,1444669.547,682,5,23,1251.819117,131.1301794,88.71074983,5.044433594,15.4,170.6,191.9216818
352,0403-0118-DO1,0403_0118_VRI,40,TSA40_FortSt.John,Spruce,2008-09-19,10,662076,6416979,1339577.675,1444669.547,682,5,4,132.2024832,23.26928059,18.28887699,5.044433594,15.4,170.6,191.9216818
353,0403-0128-QO1,0403_0128_VRI,40,TSA40_FortSt.John,Spruce,2009-11-09,10,502748,6365112,1182667.957,1386177.519,1085,9,28.8,2700.175698,140.9193089,99.45997897,6.908268229,13.5,101.8737785,123.2874601
354,0403-0128-QO1,0403_0128_VRI,40,TSA40_FortSt.John,Spruce,2009-11-09,10,502748,6365112,1182667.957,1386177.519,1085,9,25.2,1241.60814,131.3598003,99.45997897,6.908268229,13.5,101.8737785,123.2874601
355,0403-0128-QO1,0403_0128_VRI,40,TSA40_FortSt.John,Spruce,2009-11-09,10,502748,6365112,1182667.957,1386177.519,1085,9,23.4,874.386345,125.6134589,99.45997897,6.908268229,13.5,101.8737785,123.2874601
356,0403-0128-QO1,0403_0128_VRI,40,TSA40_FortSt.John,Spruce,2009-11-09,10,502748,6365112,1182667.957,1386177.519,1085,9,12.6,274.5607795,75.75617811,65.64267501,6.908268229,13.5,101.8737785,123.2874601
357,0403-0129-QO1,0403_0129_VRI,40,TSA40_FortSt.John,Spruce,2009-11-05,10,588059,6263357,1272075.762,1287875.199,716,9,46.8,1713.236121,405.0658638,319.377731,13.89818359,26.76,122.4,134.7942981
358,0403-0129-QO1,0403_0129_VRI,40,TSA40_FortSt.John,Spruce,2009-11-05,10,588059,6263357,1272075.762,1287875.199,716,9,46.8,1713.236121,405.0658638,319.377731,13.89818359,26.76,122.4,134.7942981
359,0403-0129-QO1,0403_0129_VRI,40,TSA40_FortSt.John,Spruce,2009-11-05,10,588059,6263357,1272075.762,1287875.199,716,9,41.4,1248.363041,370.744257,305.1538402,13.89818359,26.76,122.4,134.7942981
360,0403-0129-QO1,0403_0129_VRI,40,TSA40_FortSt.John,Spruce,2009-11-05,10,588059,6263357,1272075.762,1287875.199,716,9,32.4,789.4341618,303.8890599,257.5578127,13.89818359,26.76,122.4,134.7942981
361,0403-0130-QO1,0403_0130_VRI,40,TSA40_FortSt.John,Poplar,2009-11-11,10,582235,6284236,1265391.357,1308542.297,828,9,42,6599.424767,253.5283188,147.1628848,12.86533203,16.65,71,77.31472092
362,0403-0130-QO1,0403_0130_VRI,40,TSA40_FortSt.John,Poplar,2009-11-11,10,582235,6284236,1265391.357,1308542.297,828,9,36,2368.22188,236.9355604,147.1628848,12.86533203,16.65,71,77.31472092
363,0403-0130-QO1,0403_0130_VRI,40,TSA40_FortSt.John,Poplar,2009-11-11,10,582235,6284236,1265391.357,1308542.297,828,9,30,1465.641847,205.6158915,147.1628848,12.86533203,16.65,71,77.31472092
364,0403-0130-QO1,0403_0130_VRI,40,TSA40_FortSt.John,Poplar,2009-11-11,10,582235,6284236,1265391.357,1308542.297,828,9,12,430.7360818,75.07989457,60.00681904,18.27792969,20.3,71,77.31472092
365,0403-0131-QO1,0403_0131_VRI,40,TSA40_FortSt.John,Spruce,2009-11-06,10,649286,6407801,1327182.272,1434971.392,623,12,43.2,2112.011062,432.0655653,359.3878273,13.70179443,30.975,181.9808451,194.6207038
366,0403-0131-QO1,0403_0131_VRI,40,TSA40_FortSt.John,Spruce,2009-11-06,10,649286,6407801,1327182.272,1434971.392,623,12,40.8,839.3017907,423.920881,359.3878273,13.70179443,30.975,181.9808451,194.6207038
367,0403-0131-QO1,0403_0131_VRI,40,TSA40_FortSt.John,Spruce,2009-11-06,10,649286,6407801,1327182.272,1434971.392,623,12,36,360.6777858,397.9853885,352.0114546,13.70179443,30.975,181.9808451,194.6207038
368,0403-0131-QO1,0403_0131_VRI,40,TSA40_FortSt.John,Spruce,2009-11-06,10,649286,6407801,1327182.272,1434971.392,623,12,36,360.6777858,397.9853885,352.0114546,13.70179443,30.975,181.9808451,194.6207038
369,0403-0132-QO1,0403_0132_VRI,40,TSA40_FortSt.John,Pine,2009-11-10,10,590609,6294821,1273301.439,1319489.58,841,9,19.8,3667.077239,88.28795128,32.76355377,10.79680151,11.34,50.16666667,60.32449664
370,0403-0132-QO1,0403_0132_VRI,40,TSA40_FortSt.John,Pine,2009-11-10,10,590609,6294821,1273301.439,1319489.58,841,9,14.4,1456.463543,69.51162679,32.76355377,10.79680151,11.34,50.16666667,60.32449664
371,0403-0132-QO1,0403_0132_VRI,40,TSA40_FortSt.John,Pine,2009-11-10,10,590609,6294821,1273301.439,1319489.58,841,9,7.2,333.2815075,37.87990122,28.83682534,10.79680151,11.34,50.16666667,60.32449664
372,0403-0132-QO1,0403_0132_VRI,40,TSA40_FortSt.John,Pine,2009-11-10,10,590609,6294821,1273301.439,1319489.58,841,9,3.6,149.6706103,16.18123151,11.76671554,10.79680151,11.34,50.16666667,60.32449664
373,0403-0133-DO1,0403_0133_VRI,40,TSA40_FortSt.John,Pine,2009-10-24,10,640990,6323841,1322354.59,1350621.227,NA,6.25,32.5,3631.387651,228.6333217,127.9338361,16.86292892,16.975,52,58.17706823
374,0403-0133-DO1,0403_0133_VRI,40,TSA40_FortSt.John,Pine,2009-10-24,10,640990,6323841,1322354.59,1350621.227,NA,6.25,27.5,2146.105641,207.4719249,127.9338361,16.86292892,16.975,52,58.17706823
375,0403-0133-DO1,0403_0133_VRI,40,TSA40_FortSt.John,Pine,2009-10-24,10,640990,6323841,1322354.59,1350621.227,NA,6.25,20,942.8990938,161.8234588,127.9338361,16.86292892,16.975,52,58.17706823
376,0403-0133-DO1,0403_0133_VRI,40,TSA40_FortSt.John,Pine,2009-10-24,10,640990,6323841,1322354.59,1350621.227,NA,6.25,11.25,418.8122885,96.29035651,81.48525859,16.86292892,16.975,52,58.17706823
377,0403-0134-QO1,0403_0134_VRI,40,TSA40_FortSt.John,Pine,2009-11-09,10,533365,6249234,1218121.194,1271442.656,1082,9,37.8,473.6954504,380.7161885,349.0817448,14.81417878,25.26,134.1920723,141.4994465
378,0403-0134-QO1,0403_0134_VRI,40,TSA40_FortSt.John,Pine,2009-11-09,10,533365,6249234,1218121.194,1271442.656,1082,9,37.8,473.6954504,380.7161885,349.0817448,14.81417878,25.26,134.1920723,141.4994465
379,0403-0134-QO1,0403_0134_VRI,40,TSA40_FortSt.John,Pine,2009-11-09,10,533365,6249234,1218121.194,1271442.656,1082,9,37.8,473.6954504,380.7161885,349.0817448,14.81417878,25.26,134.1920723,141.4994465
380,0403-0134-QO1,0403_0134_VRI,40,TSA40_FortSt.John,Pine,2009-11-09,10,533365,6249234,1218121.194,1271442.656,1082,9,37.8,473.6954504,380.7161885,349.0817448,14.81417878,25.26,134.1920723,141.4994465
381,0403-0135-QO1,0403_0135_VRI,40,TSA40_FortSt.John,Pine,2009-11-05,10,507282,6311943,1189447.455,1333144.785,1252,9,55.8,2360.899929,395.3904074,322.4903036,7.535241813,16.52,152.8333333,165.6837499
382,0403-0135-QO1,0403_0135_VRI,40,TSA40_FortSt.John,Pine,2009-11-05,10,507282,6311943,1189447.455,1333144.785,1252,9,55.8,2360.899929,395.3904074,322.4903036,7.535241813,16.52,152.8333333,165.6837499
383,0403-0135-QO1,0403_0135_VRI,40,TSA40_FortSt.John,Pine,2009-11-05,10,507282,6311943,1189447.455,1333144.785,1252,9,50.4,1877.004678,359.8469351,304.8698195,7.535241813,16.52,152.8333333,165.6837499
384,0403-0135-QO1,0403_0135_VRI,40,TSA40_FortSt.John,Pine,2009-11-05,10,507282,6311943,1189447.455,1333144.785,1252,9,36,986.2920235,262.9637561,232.4757558,7.535241813,16.52,152.8333333,165.6837499
385,0403-0136-QO1,0403_0136_VRI,40,TSA40_FortSt.John,Spruce,2009-11-06,10,510994,6366274,1190849.877,1387688.9,1115,9,32.4,2321.13242,178.2220446,113.7081816,6.784830729,13.23333333,102,120.6212641
386,0403-0136-QO1,0403_0136_VRI,40,TSA40_FortSt.John,Spruce,2009-11-06,10,510994,6366274,1190849.877,1387688.9,1115,9,32.4,2321.13242,178.2220446,113.7081816,6.784830729,13.23333333,102,120.6212641
387,0403-0136-QO1,0403_0136_VRI,40,TSA40_FortSt.John,Spruce,2009-11-06,10,510994,6366274,1190849.877,1387688.9,1115,9,21.6,997.2544303,131.6880874,103.57002,6.784830729,13.23333333,102,120.6212641
388,0403-0136-QO1,0403_0136_VRI,40,TSA40_FortSt.John,Spruce,2009-11-06,10,510994,6366274,1190849.877,1387688.9,1115,9,9,279.4182941,61.75234872,54.12534952,6.784830729,13.23333333,102,120.6212641
389,0403-0141-QO1,0403_0141_VRI,40,TSA40_FortSt.John,Spruce,2009-11-09,10,510449,6302407,1193011.498,1323730.215,956,9,30.6,3327.783428,131.9028684,73.28829749,17.83221684,13.53333333,37.33333333,47.71071066
390,0403-0141-QO1,0403_0141_VRI,40,TSA40_FortSt.John,Spruce,2009-11-09,10,510449,6302407,1193011.498,1323730.215,956,9,28.8,2028.55938,127.9063004,73.28829749,17.83221684,13.53333333,37.33333333,47.71071066
391,0403-0141-QO1,0403_0141_VRI,40,TSA40_FortSt.John,Spruce,2009-11-09,10,510449,6302407,1193011.498,1323730.215,956,9,18,788.2889748,87.65098825,63.16233459,17.83221684,13.53333333,37.33333333,47.71071066
392,0403-0141-QO1,0403_0141_VRI,40,TSA40_FortSt.John,Spruce,2009-11-09,10,510449,6302407,1193011.498,1323730.215,956,9,9,235.6641921,48.64681029,39.1405506,17.83221684,13.53333333,37.33333333,47.71071066
393,0403-0142-QO1,0403_0142_VRI,40,TSA40_FortSt.John,Spruce,2009-10-28,10,610771,6272014,1294365.49,1297487.159,NA,5.06,17.204,1085.404057,164.4761416,130.633913,16.74248047,27.95,104.5,115.2740668
394,0403-0142-QO1,0403_0142_VRI,40,TSA40_FortSt.John,Spruce,2009-10-28,10,610771,6272014,1294365.49,1297487.159,NA,5.06,16.192,388.5309145,161.1033864,130.633913,16.74248047,27.95,104.5,115.2740668
395,0403-0142-QO1,0403_0142_VRI,40,TSA40_FortSt.John,Spruce,2009-10-28,10,610771,6272014,1294365.49,1297487.159,NA,5.06,14.168,179.37282,150.1831292,127.9337853,16.74248047,27.95,104.5,115.2740668
396,0403-0142-QO1,0403_0142_VRI,40,TSA40_FortSt.John,Spruce,2009-10-28,10,610771,6272014,1294365.49,1297487.159,NA,5.06,13.156,100.7278956,144.313092,125.0703422,16.74248047,27.95,104.5,115.2740668
397,0403-0143-QO1,0403_0143_VRI,40,TSA40_FortSt.John,Pine,2009-11-08,10,523285,6257175,1207731.757,1278972.575,1218,9,34.2,4277.980657,191.7222531,106.1609987,6.364314075,11.2,107,121.0761553
398,0403-0143-QO1,0403_0143_VRI,40,TSA40_FortSt.John,Pine,2009-11-08,10,523285,6257175,1207731.757,1278972.575,1218,9,27,1628.958758,167.1569533,106.1609987,6.364314075,11.2,107,121.0761553
399,0403-0143-QO1,0403_0143_VRI,40,TSA40_FortSt.John,Pine,2009-11-08,10,523285,6257175,1207731.757,1278972.575,1218,9,19.8,568.4439138,137.4056146,105.2618421,6.364314075,11.2,107,121.0761553
400,0403-0143-QO1,0403_0143_VRI,40,TSA40_FortSt.John,Pine,2009-11-08,10,523285,6257175,1207731.757,1278972.575,1218,9,16.2,302.8095813,119.5059479,94.76431593,6.364314075,11.2,107,121.0761553
401,0403-0144-QO1,0403_0144_VRI,40,TSA40_FortSt.John,Spruce,2009-11-08,10,499959,6262271,1184250.161,1283092.351,1559,7,36.4,1635.856086,206.2246774,167.6653999,10.14572754,15.825,80.5,95.73373237
402,0403-0144-QO1,0403_0144_VRI,40,TSA40_FortSt.John,Spruce,2009-11-08,10,499959,6262271,1184250.161,1283092.351,1559,7,35,575.4543051,203.4666051,167.6653999,10.14572754,15.825,80.5,95.73373237
403,0403-0144-QO1,0403_0144_VRI,40,TSA40_FortSt.John,Spruce,2009-11-08,10,499959,6262271,1184250.161,1283092.351,1559,7,35,575.4543051,203.4666051,167.6653999,10.14572754,15.825,80.5,95.73373237
404,0403-0144-QO1,0403_0144_VRI,40,TSA40_FortSt.John,Spruce,2009-11-08,10,499959,6262271,1184250.161,1283092.351,1559,7,33.6,516.5781196,197.6219763,163.5366095,10.14572754,15.825,80.5,95.73373237
405,0403-0145-QO1,0403_0145_VRI,40,TSA40_FortSt.John,Spruce,2009-11-07,10,487495,6275337,1171262.441,1295650.737,1400,9,37.8,800.8056907,266.8544316,214.276355,13.39518229,20.06666667,83.15625,95.44903658
406,0403-0145-QO1,0403_0145_VRI,40,TSA40_FortSt.John,Spruce,2009-11-07,10,487495,6275337,1171262.441,1295650.737,1400,9,37.8,800.8056907,266.8544316,214.276355,13.39518229,20.06666667,83.15625,95.44903658
407,0403-0145-QO1,0403_0145_VRI,40,TSA40_FortSt.John,Spruce,2009-11-07,10,487495,6275337,1171262.441,1295650.737,1400,9,36,649.3197221,259.5844653,211.1881605,13.39518229,20.06666667,83.15625,95.44903658
408,0403-0145-QO1,0403_0145_VRI,40,TSA40_FortSt.John,Spruce,2009-11-07,10,487495,6275337,1171262.441,1295650.737,1400,9,32.4,411.1594985,237.2338354,197.566639,13.39518229,20.06666667,83.15625,95.44903658
409,0403-0146-QO1,0403_0146_VRI,40,TSA40_FortSt.John,Spruce,2009-11-05,10,487001,6298991,1169763.178,1319317.443,1273,9,41.4,1085.173597,347.2726988,260.1702692,9.087939453,21.3,132.25,148.7432557
410,0403-0146-QO1,0403_0146_VRI,40,TSA40_FortSt.John,Spruce,2009-11-05,10,487001,6298991,1169763.178,1319317.443,1273,9,41.4,1085.173597,347.2726988,260.1702692,9.087939453,21.3,132.25,148.7432557
411,0403-0146-QO1,0403_0146_VRI,40,TSA40_FortSt.John,Spruce,2009-11-05,10,487001,6298991,1169763.178,1319317.443,1273,9,39.6,936.1210983,337.2661028,255.9510934,9.087939453,21.3,132.25,148.7432557
412,0403-0146-QO1,0403_0146_VRI,40,TSA40_FortSt.John,Spruce,2009-11-05,10,487001,6298991,1169763.178,1319317.443,1273,9,34.2,638.7669979,303.8130772,235.5738824,9.087939453,21.3,132.25,148.7432557
413,0403-0147-QO1,0403_0147_VRI,40,TSA40_FortSt.John,Spruce,2009-11-07,10,453022,6335602,1134297.162,1354524.892,1458,9,27,527.0500467,157.4274597,133.1493758,8.565097656,16.76,102.4,119.7356076
414,0403-0147-QO1,0403_0147_VRI,40,TSA40_FortSt.John,Spruce,2009-11-07,10,453022,6335602,1134297.162,1354524.892,1458,9,27,527.0500467,157.4274597,133.1493758,8.565097656,16.76,102.4,119.7356076
415,0403-0147-QO1,0403_0147_VRI,40,TSA40_FortSt.John,Spruce,2009-11-07,10,453022,6335602,1134297.162,1354524.892,1458,9,27,527.0500467,157.4274597,133.1493758,8.565097656,16.76,102.4,119.7356076
416,0403-0147-QO1,0403_0147_VRI,40,TSA40_FortSt.John,Spruce,2009-11-07,10,453022,6335602,1134297.162,1354524.892,1458,9,25.2,449.5814413,149.1217917,126.980829,8.565097656,16.76,102.4,119.7356076
417,0403-0148-QO1,0403_0148_VRI,40,TSA40_FortSt.John,Spruce,2009-11-07,10,479950,6335347,1161179.733,1355417.789,1240,7,18.66666667,1649.876592,77.25287712,46.92326185,9.099659749,11.35,71,88.01740441
418,0403-0148-QO1,0403_0148_VRI,40,TSA40_FortSt.John,Spruce,2009-11-07,10,479950,6335347,1161179.733,1355417.789,1240,7,16.33333333,901.3524492,71.05338137,46.92326185,9.099659749,11.35,71,88.01740441
419,0403-0148-QO1,0403_0148_VRI,40,TSA40_FortSt.John,Spruce,2009-11-07,10,479950,6335347,1161179.733,1355417.789,1240,7,14,704.9817491,61.81877094,42.86762813,9.099659749,11.35,71,88.01740441
420,0403-0148-QO1,0403_0148_VRI,40,TSA40_FortSt.John,Spruce,2009-11-07,10,479950,6335347,1161179.733,1355417.789,1240,7,4.666666667,153.1692643,21.99212029,17.42473004,9.099659749,11.35,71,88.01740441
421,0403-0149-DO1,0403_0149_VRI,40,TSA40_FortSt.John,Pine,2009-10-23,10,659642,6331579,1340643.347,1359128.852,NA,6.25,21.25,5267.211905,94.0477167,8.346181791,9.952367605,9.84,49.2,58.79858349
422,0403-0149-DO1,0403_0149_VRI,40,TSA40_FortSt.John,Pine,2009-10-23,10,659642,6331579,1340643.347,1359128.852,NA,6.25,12.5,1708.577062,62.33954296,8.346181791,9.952367605,9.84,49.2,58.79858349
423,0403-0149-DO1,0403_0149_VRI,40,TSA40_FortSt.John,Pine,2009-10-23,10,659642,6331579,1340643.347,1359128.852,NA,6.25,0,0,0,0,9.952367605,9.84,49.2,58.79858349
424,0403-0149-DO1,0403_0149_VRI,40,TSA40_FortSt.John,Pine,2009-10-23,10,659642,6331579,1340643.347,1359128.852,NA,6.25,0,0,0,0,9.952367605,9.84,49.2,58.79858349
425,0403-0150-DO1,0403_0150_VRI,40,TSA40_FortSt.John,Spruce,2009-10-25,10,550872,6253304,1235409.862,1276254.047,NA,12.25,36.75,589.5258225,331.3477309,289.9268845,17.68929688,26.44,88.4,98.86738046
426,0403-0150-DO1,0403_0150_VRI,40,TSA40_FortSt.John,Spruce,2009-10-25,10,550872,6253304,1235409.862,1276254.047,NA,12.25,36.75,589.5258225,331.3477309,289.9268845,17.68929688,26.44,88.4,98.86738046
427,0403-0150-DO1,0403_0150_VRI,40,TSA40_FortSt.John,Spruce,2009-10-25,10,550872,6253304,1235409.862,1276254.047,NA,12.25,36.75,589.5258225,331.3477309,289.9268845,17.68929688,26.44,88.4,98.86738046
428,0403-0150-DO1,0403_0150_VRI,40,TSA40_FortSt.John,Spruce,2009-10-25,10,550872,6253304,1235409.862,1276254.047,NA,12.25,36.75,589.5258225,331.3477309,289.9268845,17.68929688,26.44,88.4,98.86738046
429,0403-0151-DO1,0403_0151_VRI,40,TSA40_FortSt.John,Pine,2009-10-27,10,561982,6350186,1242419.963,1373726.035,NA,12.25,24.5,382.152623,286.7362834,268.8132242,13.64695133,25.1,152.25,161.8224299
430,0403-0151-DO1,0403_0151_VRI,40,TSA40_FortSt.John,Pine,2009-10-27,10,561982,6350186,1242419.963,1373726.035,NA,12.25,24.5,382.152623,286.7362834,268.8132242,13.64695133,25.1,152.25,161.8224299
431,0403-0151-DO1,0403_0151_VRI,40,TSA40_FortSt.John,Pine,2009-10-27,10,561982,6350186,1242419.963,1373726.035,NA,12.25,24.5,382.152623,286.7362834,268.8132242,13.64695133,25.1,152.25,161.8224299
432,0403-0151-DO1,0403_0151_VRI,40,TSA40_FortSt.John,Pine,2009-10-27,10,561982,6350186,1242419.963,1373726.035,NA,12.25,24.5,382.152623,286.7362834,268.8132242,13.64695133,25.1,152.25,161.8224299
